"Age","Uncertainty","Landform","Sigma"
12.55157236,0.299321767393214,"Outer Pleta Naua","1 sigma"
12.4606684633333,0.310153190672348,"Outer Pleta Naua","1 sigma"
12.80842213,0.239223220443637,"Outer Pleta Naua","1 sigma"
12.3749649933333,0.359108365044577,"Outer Pleta Naua","1 sigma"
12.76745512,0.294639007807794,"Outer Pleta Naua","1 sigma"
12.7763079366667,0.351037511007112,"Outer Pleta Naua","1 sigma"
12.5703022733333,0.556271671574651,"Outer Pleta Naua","1 sigma"
12.4123186433333,0.346003752657839,"Outer Pleta Naua","1 sigma"
12.1826190833333,0.0890719686262356,"Outer Pleta Naua","1 sigma"
12.38974812,0.568589846489718,"Outer Pleta Naua","1 sigma"
12.37558656,0.369149560591578,"Outer Pleta Naua","1 sigma"
12.4941037333333,0.292004345435133,"Outer Pleta Naua","1 sigma"
12.7023825866667,0.239961152024202,"Outer Pleta Naua","1 sigma"
12.4310935466667,0.11484459395942,"Outer Pleta Naua","1 sigma"
12.3867296433333,0.384368188037844,"Outer Pleta Naua","1 sigma"
12.2912171633333,0.152115396381714,"Outer Pleta Naua","1 sigma"
12.6219373566667,0.363123391428799,"Outer Pleta Naua","1 sigma"
12.4664681933333,0.334695515479845,"Outer Pleta Naua","1 sigma"
12.43623037,0.23402214002824,"Outer Pleta Naua","1 sigma"
12.28049619,0.253658500238559,"Outer Pleta Naua","1 sigma"
12.6838118466667,0.305117110445422,"Outer Pleta Naua","1 sigma"
12.2377263633333,0.121358314934127,"Outer Pleta Naua","1 sigma"
12.6645422,0.269542687239446,"Outer Pleta Naua","1 sigma"
12.13582319,0.10212214986577,"Outer Pleta Naua","1 sigma"
12.3950770833333,0.298687128859771,"Outer Pleta Naua","1 sigma"
12.5198038266667,0.463417779694888,"Outer Pleta Naua","1 sigma"
12.7151892866667,0.29986848213474,"Outer Pleta Naua","1 sigma"
12.72775972,0.229002090707492,"Outer Pleta Naua","1 sigma"
12.1376666433333,0.325150280835048,"Outer Pleta Naua","1 sigma"
12.8027136766667,0.311686172727127,"Outer Pleta Naua","1 sigma"
12.4010095733333,0.352264536765571,"Outer Pleta Naua","1 sigma"
12.6069996766667,0.392148128488454,"Outer Pleta Naua","1 sigma"
12.4242399233333,0.287777620083278,"Outer Pleta Naua","1 sigma"
12.5644105166667,0.237057278835651,"Outer Pleta Naua","1 sigma"
12.3644127466667,0.519908544062459,"Outer Pleta Naua","1 sigma"
12.54731729,0.359647226179527,"Outer Pleta Naua","1 sigma"
12.7846191933333,0.222654321371802,"Outer Pleta Naua","1 sigma"
12.5435838766667,0.294390368662959,"Outer Pleta Naua","1 sigma"
12.4616124466667,0.429105935515166,"Outer Pleta Naua","1 sigma"
12.3599438633333,0.301019364976064,"Outer Pleta Naua","1 sigma"
12.5515569266667,0.354230439323097,"Outer Pleta Naua","1 sigma"
12.6087001233333,0.277200672549137,"Outer Pleta Naua","1 sigma"
12.5222530433333,0.294056433733318,"Outer Pleta Naua","1 sigma"
12.6879430633333,0.333389427669805,"Outer Pleta Naua","1 sigma"
12.54174191,0.639039645714259,"Outer Pleta Naua","1 sigma"
12.7702159,0.188840080922626,"Outer Pleta Naua","1 sigma"
12.7996529766667,0.180538346319393,"Outer Pleta Naua","1 sigma"
12.5188664366667,0.450893349345176,"Outer Pleta Naua","1 sigma"
12.2613683366667,0.0446363214148486,"Outer Pleta Naua","1 sigma"
12.5986587333333,0.171267767990107,"Outer Pleta Naua","1 sigma"
12.4979639033333,0.327711205781346,"Outer Pleta Naua","1 sigma"
12.4110586466667,0.422724774066808,"Outer Pleta Naua","1 sigma"
12.5539170466667,0.369595301731917,"Outer Pleta Naua","1 sigma"
12.5962577733333,0.225784375368634,"Outer Pleta Naua","1 sigma"
12.5136206233333,0.385533483120008,"Outer Pleta Naua","1 sigma"
12.6070489533333,0.400385670771328,"Outer Pleta Naua","1 sigma"
12.4620772366667,0.138059903949254,"Outer Pleta Naua","1 sigma"
12.4952936366667,0.409654875228476,"Outer Pleta Naua","1 sigma"
12.5206843466667,0.425175340514314,"Outer Pleta Naua","1 sigma"
12.1084297366667,0.19965047562492,"Outer Pleta Naua","1 sigma"
12.3664535866667,0.527263719906593,"Outer Pleta Naua","1 sigma"
12.5691930666667,0.352886407062951,"Outer Pleta Naua","1 sigma"
12.7642068733333,0.187070091159376,"Outer Pleta Naua","1 sigma"
12.5299741166667,0.360621568230451,"Outer Pleta Naua","1 sigma"
12.67380185,0.300328409178674,"Outer Pleta Naua","1 sigma"
12.7555983466667,0.261965768545226,"Outer Pleta Naua","1 sigma"
12.7083693033333,0.135777994389746,"Outer Pleta Naua","1 sigma"
12.7608299933333,0.283032284749934,"Outer Pleta Naua","1 sigma"
12.4952603866667,0.489507709047172,"Outer Pleta Naua","1 sigma"
12.9161734333333,0.147463679564832,"Outer Pleta Naua","1 sigma"
12.6084486566667,0.208122870614491,"Outer Pleta Naua","1 sigma"
12.5959073633333,0.394828888994974,"Outer Pleta Naua","1 sigma"
12.6991200866667,0.342437888303208,"Outer Pleta Naua","1 sigma"
12.52964817,0.488230709001561,"Outer Pleta Naua","1 sigma"
12.76307163,0.190020212335138,"Outer Pleta Naua","1 sigma"
12.3878193966667,0.504778366700035,"Outer Pleta Naua","1 sigma"
12.2429499433333,0.265769393161051,"Outer Pleta Naua","1 sigma"
12.2516335866667,0.151535408508816,"Outer Pleta Naua","1 sigma"
12.3502852333333,0.352574177204129,"Outer Pleta Naua","1 sigma"
12.6268767133333,0.38006890043491,"Outer Pleta Naua","1 sigma"
12.5236705966667,0.219475885921732,"Outer Pleta Naua","1 sigma"
12.3124560966667,0.160463109271746,"Outer Pleta Naua","1 sigma"
12.63891269,0.19856956813682,"Outer Pleta Naua","1 sigma"
12.8472332833333,0.0494249247792623,"Outer Pleta Naua","1 sigma"
12.1749013,0.179417485986364,"Outer Pleta Naua","1 sigma"
12.8647562566667,0.0937231511946894,"Outer Pleta Naua","1 sigma"
12.3853558666667,0.479183274887374,"Outer Pleta Naua","1 sigma"
12.5886119533333,0.238211674543839,"Outer Pleta Naua","1 sigma"
12.47383742,0.332167413365851,"Outer Pleta Naua","1 sigma"
12.5249630733333,0.427288830447809,"Outer Pleta Naua","1 sigma"
12.7605657966667,0.0836605030636589,"Outer Pleta Naua","1 sigma"
12.2753869533333,0.155158685375359,"Outer Pleta Naua","1 sigma"
12.64162607,0.145321422638694,"Outer Pleta Naua","1 sigma"
12.64873251,0.237081065660443,"Outer Pleta Naua","1 sigma"
12.5495495533333,0.351244237344358,"Outer Pleta Naua","1 sigma"
12.23669373,0.255638728377397,"Outer Pleta Naua","1 sigma"
12.0324865066667,0.0941165382756142,"Outer Pleta Naua","1 sigma"
12.6323440433333,0.434930945863735,"Outer Pleta Naua","1 sigma"
12.7976918733333,0.00928370656159122,"Outer Pleta Naua","1 sigma"
12.6951714266667,0.0985532700954693,"Outer Pleta Naua","1 sigma"
12.53169014,0.598069672126511,"Outer Pleta Naua","1 sigma"
12.5196578733333,0.285968278400815,"Outer Pleta Naua","1 sigma"
12.6539112266667,0.249687124080474,"Outer Pleta Naua","1 sigma"
12.2577529866667,0.0993508000261084,"Outer Pleta Naua","1 sigma"
12.3741687733333,0.313489485059999,"Outer Pleta Naua","1 sigma"
12.37800734,0.284897960074171,"Outer Pleta Naua","1 sigma"
12.41645433,0.322349169147595,"Outer Pleta Naua","1 sigma"
12.3571475933333,0.141232434223271,"Outer Pleta Naua","1 sigma"
12.3409675566667,0.123041819675071,"Outer Pleta Naua","1 sigma"
12.4159633066667,0.47665332055156,"Outer Pleta Naua","1 sigma"
12.5768471733333,0.483230420907925,"Outer Pleta Naua","1 sigma"
12.6376089266667,0.235882708436023,"Outer Pleta Naua","1 sigma"
12.2754181933333,0.321858872619255,"Outer Pleta Naua","1 sigma"
12.58226838,0.444764876128713,"Outer Pleta Naua","1 sigma"
12.65413785,0.493703995340716,"Outer Pleta Naua","1 sigma"
12.4541697433333,0.41964237165416,"Outer Pleta Naua","1 sigma"
12.2573634966667,0.32962012375383,"Outer Pleta Naua","1 sigma"
12.3680839266667,0.61862433816085,"Outer Pleta Naua","1 sigma"
12.4037219666667,0.470513575514618,"Outer Pleta Naua","1 sigma"
12.61924984,0.391622760254578,"Outer Pleta Naua","1 sigma"
12.44559834,0.361325161139176,"Outer Pleta Naua","1 sigma"
12.3346636566667,0.343679136163129,"Outer Pleta Naua","1 sigma"
12.41296188,0.409389510935475,"Outer Pleta Naua","1 sigma"
12.74521025,0.36242541643134,"Outer Pleta Naua","1 sigma"
12.7223563266667,0.305844321014732,"Outer Pleta Naua","1 sigma"
12.68843978,0.373105703373866,"Outer Pleta Naua","1 sigma"
12.38021265,0.385145151765642,"Outer Pleta Naua","1 sigma"
12.2354070733333,0.48247861012653,"Outer Pleta Naua","1 sigma"
12.4340910333333,0.384536863008912,"Outer Pleta Naua","1 sigma"
12.8321166666667,0.102957923439178,"Outer Pleta Naua","1 sigma"
12.8101100366667,0.23098962852158,"Outer Pleta Naua","1 sigma"
12.16657944,0.297321166176291,"Outer Pleta Naua","1 sigma"
12.3080889866667,0.39978609020548,"Outer Pleta Naua","1 sigma"
12.8223707433333,0.0949157498894552,"Outer Pleta Naua","1 sigma"
12.5119578266667,0.0528543500622097,"Outer Pleta Naua","1 sigma"
12.9121263766667,0.132730021780852,"Outer Pleta Naua","1 sigma"
12.0752427766667,0.346796901003315,"Outer Pleta Naua","1 sigma"
12.53180036,0.265342563334814,"Outer Pleta Naua","1 sigma"
12.77622376,0.189936244948531,"Outer Pleta Naua","1 sigma"
12.4471185,0.542928357625788,"Outer Pleta Naua","1 sigma"
12.6450052866667,0.124547632898008,"Outer Pleta Naua","1 sigma"
12.5455841466667,0.296283001966696,"Outer Pleta Naua","1 sigma"
12.40294437,0.439718418614105,"Outer Pleta Naua","1 sigma"
12.12435787,0.244590465631166,"Outer Pleta Naua","1 sigma"
12.7489643733333,0.150400579128714,"Outer Pleta Naua","1 sigma"
12.5919910566667,0.40663907760395,"Outer Pleta Naua","1 sigma"
12.78342497,0.069855547981737,"Outer Pleta Naua","1 sigma"
12.65274338,0.31102805894197,"Outer Pleta Naua","1 sigma"
12.56549781,0.295551384230154,"Outer Pleta Naua","1 sigma"
12.59134255,0.0566292299682889,"Outer Pleta Naua","1 sigma"
12.5757923333333,0.133474942328924,"Outer Pleta Naua","1 sigma"
12.49517255,0.337577003633915,"Outer Pleta Naua","1 sigma"
12.5589657333333,0.405838079060775,"Outer Pleta Naua","1 sigma"
12.7167326733333,0.17138456983076,"Outer Pleta Naua","1 sigma"
12.5219853833333,0.297980450610553,"Outer Pleta Naua","1 sigma"
12.46522036,0.415611679035495,"Outer Pleta Naua","1 sigma"
12.4218515633333,0.424972668715467,"Outer Pleta Naua","1 sigma"
12.6146370233333,0.471109125342928,"Outer Pleta Naua","1 sigma"
12.5473370466667,0.306393376815208,"Outer Pleta Naua","1 sigma"
12.4751905066667,0.373247339186386,"Outer Pleta Naua","1 sigma"
12.5030061966667,0.569007141230786,"Outer Pleta Naua","1 sigma"
12.2597811866667,0.128387202377237,"Outer Pleta Naua","1 sigma"
12.4265575866667,0.405995218004435,"Outer Pleta Naua","1 sigma"
12.55976461,0.345887401273366,"Outer Pleta Naua","1 sigma"
12.6547950266667,0.167658689168099,"Outer Pleta Naua","1 sigma"
12.6672138533333,0.402812030830507,"Outer Pleta Naua","1 sigma"
12.2434844133333,0.170285468272607,"Outer Pleta Naua","1 sigma"
12.61640271,0.200383604588622,"Outer Pleta Naua","1 sigma"
11.9646178466667,0.162730155386852,"Outer Pleta Naua","1 sigma"
12.7130225766667,0.172375857284101,"Outer Pleta Naua","1 sigma"
12.7314501833333,0.106703282314868,"Outer Pleta Naua","1 sigma"
12.3318245466667,0.479606893474538,"Outer Pleta Naua","1 sigma"
12.7235072466667,0.364280419036585,"Outer Pleta Naua","1 sigma"
12.5341591733333,0.345295532387563,"Outer Pleta Naua","1 sigma"
12.3454244233333,0.344085604387635,"Outer Pleta Naua","1 sigma"
12.2884840866667,0.38540262877908,"Outer Pleta Naua","1 sigma"
12.5705560733333,0.438478870688328,"Outer Pleta Naua","1 sigma"
12.5170549966667,0.389441710297845,"Outer Pleta Naua","1 sigma"
12.20702141,0.371238169562536,"Outer Pleta Naua","1 sigma"
12.5109151133333,0.358862654787881,"Outer Pleta Naua","1 sigma"
12.8346646666667,0.0820799437769822,"Outer Pleta Naua","1 sigma"
12.63012983,0.444982800012679,"Outer Pleta Naua","1 sigma"
12.5122041466667,0.333772982947643,"Outer Pleta Naua","1 sigma"
12.22853673,0.609590898034287,"Outer Pleta Naua","1 sigma"
12.25890467,0.488569453698872,"Outer Pleta Naua","1 sigma"
12.45841757,0.152518754270057,"Outer Pleta Naua","1 sigma"
12.6780430566667,0.291682145779257,"Outer Pleta Naua","1 sigma"
12.72622271,0.195057332070998,"Outer Pleta Naua","1 sigma"
12.63518883,0.192446367260139,"Outer Pleta Naua","1 sigma"
12.7588656333333,0.2915070229612,"Outer Pleta Naua","1 sigma"
12.3805065966667,0.191084404559671,"Outer Pleta Naua","1 sigma"
12.6755710266667,0.14770559921852,"Outer Pleta Naua","1 sigma"
12.3308242466667,0.147484853490283,"Outer Pleta Naua","1 sigma"
12.4063473733333,0.0654843124626881,"Outer Pleta Naua","1 sigma"
12.2669891133333,0.269994862047793,"Outer Pleta Naua","1 sigma"
12.6416417866667,0.247339347601323,"Outer Pleta Naua","1 sigma"
12.3314028333333,0.247156157451287,"Outer Pleta Naua","1 sigma"
12.54722143,0.393043056635101,"Outer Pleta Naua","1 sigma"
12.5126327933333,0.361362979520746,"Outer Pleta Naua","1 sigma"
12.0369234666667,0.194726139179019,"Outer Pleta Naua","1 sigma"
12.4353476533333,0.29751458444363,"Outer Pleta Naua","1 sigma"
12.5637939733333,0.296403969277987,"Outer Pleta Naua","1 sigma"
12.41248848,0.258387172670098,"Outer Pleta Naua","1 sigma"
12.38535365,0.478066800883267,"Outer Pleta Naua","1 sigma"
12.29679064,0.559997512580188,"Outer Pleta Naua","1 sigma"
12.62100788,0.349215897019391,"Outer Pleta Naua","1 sigma"
12.7509135733333,0.125652504274409,"Outer Pleta Naua","1 sigma"
12.2421493366667,0.550590842611763,"Outer Pleta Naua","1 sigma"
12.6831351966667,0.480188369448792,"Outer Pleta Naua","1 sigma"
12.7164247333333,0.162567307168174,"Outer Pleta Naua","1 sigma"
12.5622065833333,0.424075060602268,"Outer Pleta Naua","1 sigma"
12.41892926,0.305731227534884,"Outer Pleta Naua","1 sigma"
12.3895352433333,0.175861661058556,"Outer Pleta Naua","1 sigma"
12.3322528966667,0.247445124564118,"Outer Pleta Naua","1 sigma"
12.5488281433333,0.540293134397508,"Outer Pleta Naua","1 sigma"
12.8624592066667,0.290361067834421,"Outer Pleta Naua","1 sigma"
12.5245625166667,0.301797134522804,"Outer Pleta Naua","1 sigma"
12.5833521166667,0.0298476635878832,"Outer Pleta Naua","1 sigma"
12.5790810833333,0.0290436701059879,"Outer Pleta Naua","1 sigma"
12.47365935,0.487304822070262,"Outer Pleta Naua","1 sigma"
12.2250920333333,0.250025905917322,"Outer Pleta Naua","1 sigma"
12.5994844333333,0.421021793755897,"Outer Pleta Naua","1 sigma"
12.7605468266667,0.283669223798757,"Outer Pleta Naua","1 sigma"
12.64882722,0.262415638317373,"Outer Pleta Naua","1 sigma"
12.4972528966667,0.112730775320034,"Outer Pleta Naua","1 sigma"
12.59470257,0.182963513838953,"Outer Pleta Naua","1 sigma"
12.6376017933333,0.45400116621452,"Outer Pleta Naua","1 sigma"
12.8498921566667,0.114953404887013,"Outer Pleta Naua","1 sigma"
12.5803512066667,0.306851471479561,"Outer Pleta Naua","1 sigma"
12.6493002266667,0.495095438535117,"Outer Pleta Naua","1 sigma"
12.63455033,0.376199243687777,"Outer Pleta Naua","1 sigma"
12.5510876466667,0.317600879896153,"Outer Pleta Naua","1 sigma"
12.66811021,0.303441042876979,"Outer Pleta Naua","1 sigma"
12.8624592066667,0.290361067834421,"Outer Pleta Naua","1 sigma"
12.6350221966667,0.121853522096584,"Outer Pleta Naua","1 sigma"
12.3761016933333,0.231804971277408,"Outer Pleta Naua","1 sigma"
12.87425904,0.230233863588056,"Outer Pleta Naua","1 sigma"
12.4360133866667,0.420761228800521,"Outer Pleta Naua","1 sigma"
12.92846093,0.123101179492214,"Outer Pleta Naua","1 sigma"
12.3046990933333,0.10101725607678,"Outer Pleta Naua","1 sigma"
12.8165384333333,0.181066064799947,"Outer Pleta Naua","1 sigma"
12.4277289866667,0.136213554466709,"Outer Pleta Naua","1 sigma"
12.22611189,0.292487680608316,"Outer Pleta Naua","1 sigma"
12.1852301066667,0.304389060965921,"Outer Pleta Naua","1 sigma"
12.83207174,0.0679536461187154,"Outer Pleta Naua","1 sigma"
12.3997045466667,0.161087526407118,"Outer Pleta Naua","1 sigma"
12.5034423033333,0.440251787833057,"Outer Pleta Naua","1 sigma"
12.38758365,0.511322689502892,"Outer Pleta Naua","1 sigma"
12.51570018,0.290987083758428,"Outer Pleta Naua","1 sigma"
12.2814270166667,0.387726067409952,"Outer Pleta Naua","1 sigma"
12.5417007233333,0.372493538837127,"Outer Pleta Naua","1 sigma"
12.4837207966667,0.254315151703354,"Outer Pleta Naua","1 sigma"
12.3963494633333,0.32846476411213,"Outer Pleta Naua","1 sigma"
12.26091189,0.492474917964719,"Outer Pleta Naua","1 sigma"
12.44537413,0.25113533905744,"Outer Pleta Naua","1 sigma"
12.49547259,0.340701110535502,"Outer Pleta Naua","1 sigma"
12.5523099,0.272571797905037,"Outer Pleta Naua","1 sigma"
12.6111085966667,0.306331938785205,"Outer Pleta Naua","1 sigma"
12.50042049,0.363157007799083,"Outer Pleta Naua","1 sigma"
12.65451066,0.167981324725679,"Outer Pleta Naua","1 sigma"
12.5670287466667,0.421263151221384,"Outer Pleta Naua","1 sigma"
12.2158679866667,0.00881683069458252,"Outer Pleta Naua","1 sigma"
12.5136563233333,0.339601684315542,"Outer Pleta Naua","1 sigma"
12.28064676,0.557326392692139,"Outer Pleta Naua","1 sigma"
12.83764935,0.151235955045717,"Outer Pleta Naua","1 sigma"
12.61572544,0.160858495148751,"Outer Pleta Naua","1 sigma"
12.55036737,0.0709293511848174,"Outer Pleta Naua","1 sigma"
12.38205645,0.232663306656641,"Outer Pleta Naua","1 sigma"
12.5925970166667,0.495431274307705,"Outer Pleta Naua","1 sigma"
12.6395700733333,0.405860349618394,"Outer Pleta Naua","1 sigma"
12.48904177,0.128829383840303,"Outer Pleta Naua","1 sigma"
12.6295307333333,0.20668995663047,"Outer Pleta Naua","1 sigma"
12.5281238166667,0.270435345512419,"Outer Pleta Naua","1 sigma"
12.5226810233333,0.325007999390524,"Outer Pleta Naua","1 sigma"
12.3639435033333,0.36392354113521,"Outer Pleta Naua","1 sigma"
12.6441686666667,0.134193768353269,"Outer Pleta Naua","1 sigma"
12.5301573466667,0.341516671262766,"Outer Pleta Naua","1 sigma"
12.72321837,0.363525691328673,"Outer Pleta Naua","1 sigma"
12.5510876466667,0.317600879896153,"Outer Pleta Naua","1 sigma"
12.7186755666667,0.368458598514904,"Outer Pleta Naua","1 sigma"
12.5195425966667,0.322655723797301,"Outer Pleta Naua","1 sigma"
12.6390261866667,0.128772507416249,"Outer Pleta Naua","1 sigma"
12.3500495966667,0.361486038230666,"Outer Pleta Naua","1 sigma"
12.4406219566667,0.580553845101706,"Outer Pleta Naua","1 sigma"
12.3964992566667,0.12024915293522,"Outer Pleta Naua","1 sigma"
12.4896299133333,0.23895045141419,"Outer Pleta Naua","1 sigma"
12.5226230666667,0.368359259532193,"Outer Pleta Naua","1 sigma"
12.3934352066667,0.147465994544513,"Outer Pleta Naua","1 sigma"
12.6601388866667,0.306819305243922,"Outer Pleta Naua","1 sigma"
12.6130686366667,0.406438404241929,"Outer Pleta Naua","1 sigma"
12.36620292,0.306413972157003,"Outer Pleta Naua","1 sigma"
12.4208159366667,0.343614514147927,"Outer Pleta Naua","1 sigma"
12.6388611533333,0.180358293837426,"Outer Pleta Naua","1 sigma"
12.7456552,0.196479484143999,"Outer Pleta Naua","1 sigma"
12.5852307266667,0.153489618803107,"Outer Pleta Naua","1 sigma"
12.82288467,0.0348112087866241,"Outer Pleta Naua","1 sigma"
12.7615227166667,0.31027115032518,"Outer Pleta Naua","1 sigma"
12.5960474966667,0.314318301391595,"Outer Pleta Naua","1 sigma"
12.4404347966667,0.100298139003254,"Outer Pleta Naua","1 sigma"
12.44167869,0.316509031072997,"Outer Pleta Naua","1 sigma"
12.5649178433333,0.446192650402368,"Outer Pleta Naua","1 sigma"
12.5408654033333,0.321551447874041,"Outer Pleta Naua","1 sigma"
12.6765781666667,0.204835892747366,"Outer Pleta Naua","1 sigma"
12.39091721,0.319062138867301,"Outer Pleta Naua","1 sigma"
12.5977556666667,0.417463560018429,"Outer Pleta Naua","1 sigma"
12.2986991166667,0.43657188328874,"Outer Pleta Naua","1 sigma"
12.4062975833333,0.18810663326835,"Outer Pleta Naua","1 sigma"
12.39325165,0.510822999299595,"Outer Pleta Naua","1 sigma"
12.4381459766667,0.212946826177753,"Outer Pleta Naua","1 sigma"
12.8625546866667,0.144407145182093,"Outer Pleta Naua","1 sigma"
12.3689536166667,0.0869385798710151,"Outer Pleta Naua","1 sigma"
12.4315690733333,0.476945811114122,"Outer Pleta Naua","1 sigma"
12.4343796833333,0.1873216283496,"Outer Pleta Naua","1 sigma"
12.29368799,0.449131336897254,"Outer Pleta Naua","1 sigma"
12.7738688,0.164709719263661,"Outer Pleta Naua","1 sigma"
12.5561878833333,0.149413784164664,"Outer Pleta Naua","1 sigma"
12.6336078166667,0.303783642843702,"Outer Pleta Naua","1 sigma"
12.3148339566667,0.552518484233162,"Outer Pleta Naua","1 sigma"
12.4524199233333,0.412252040686237,"Outer Pleta Naua","1 sigma"
12.23089343,0.0875226055135223,"Outer Pleta Naua","1 sigma"
12.4010319366667,0.356717510447452,"Outer Pleta Naua","1 sigma"
12.47881868,0.130838961023774,"Outer Pleta Naua","1 sigma"
12.49538925,0.324229882191465,"Outer Pleta Naua","1 sigma"
12.6896204866667,0.427004552493785,"Outer Pleta Naua","1 sigma"
12.32592442,0.218791080932757,"Outer Pleta Naua","1 sigma"
12.61158917,0.520736848458112,"Outer Pleta Naua","1 sigma"
12.43228955,0.311368732162383,"Outer Pleta Naua","1 sigma"
12.11929167,0.152090427079962,"Outer Pleta Naua","1 sigma"
12.2843885633333,0.235450414294867,"Outer Pleta Naua","1 sigma"
12.5795151366667,0.143926438355604,"Outer Pleta Naua","1 sigma"
12.3919143366667,0.348331804718558,"Outer Pleta Naua","1 sigma"
12.3465249433333,0.434844979143295,"Outer Pleta Naua","1 sigma"
12.37516404,0.394183263398616,"Outer Pleta Naua","1 sigma"
12.60180938,0.327755818308782,"Outer Pleta Naua","1 sigma"
12.32551606,0.379981569589504,"Outer Pleta Naua","1 sigma"
12.7369187566667,0.233961685273033,"Outer Pleta Naua","1 sigma"
12.5126418133333,0.41203652864109,"Outer Pleta Naua","1 sigma"
12.5239279133333,0.286882162717638,"Outer Pleta Naua","1 sigma"
12.5271945066667,0.158619392756817,"Outer Pleta Naua","1 sigma"
12.4082471566667,0.507302487719986,"Outer Pleta Naua","1 sigma"
12.5390139,0.215270564319272,"Outer Pleta Naua","1 sigma"
12.69313068,0.204921333973058,"Outer Pleta Naua","1 sigma"
12.16198439,0.0491986815065601,"Outer Pleta Naua","1 sigma"
12.7062763066667,0.209388661422008,"Outer Pleta Naua","1 sigma"
12.6825659,0.480382854198134,"Outer Pleta Naua","1 sigma"
12.2977378433333,0.158349404379722,"Outer Pleta Naua","1 sigma"
12.6641149133333,0.303075023561384,"Outer Pleta Naua","1 sigma"
12.4974530633333,0.277753843362966,"Outer Pleta Naua","1 sigma"
12.4439364366667,0.246044095128327,"Outer Pleta Naua","1 sigma"
12.509106,0.339026453823615,"Outer Pleta Naua","1 sigma"
12.3683644333333,0.282683025442324,"Outer Pleta Naua","1 sigma"
12.7184586366667,0.380714279361183,"Outer Pleta Naua","1 sigma"
12.4817213833333,0.420041818625905,"Outer Pleta Naua","1 sigma"
12.6290899666667,0.368742334910522,"Outer Pleta Naua","1 sigma"
12.37411854,0.359793828546476,"Outer Pleta Naua","1 sigma"
12.52649447,0.347950966145164,"Outer Pleta Naua","1 sigma"
12.74306361,0.27205374862284,"Outer Pleta Naua","1 sigma"
12.3152542766667,0.243408165930394,"Outer Pleta Naua","1 sigma"
12.5466851666667,0.650181455980002,"Outer Pleta Naua","1 sigma"
12.62686649,0.425523991823692,"Outer Pleta Naua","1 sigma"
12.4515256866667,0.113348515435144,"Outer Pleta Naua","1 sigma"
12.4396694166667,0.311568097414683,"Outer Pleta Naua","1 sigma"
12.4875619333333,0.557201201820281,"Outer Pleta Naua","1 sigma"
12.7525760733333,0.216530825369768,"Outer Pleta Naua","1 sigma"
12.1319998233333,0.253384628810932,"Outer Pleta Naua","1 sigma"
12.6583551833333,0.0920820430658965,"Outer Pleta Naua","1 sigma"
12.34209764,0.407149292687298,"Outer Pleta Naua","1 sigma"
12.5404377633333,0.0930409386510314,"Outer Pleta Naua","1 sigma"
12.4782876233333,0.368320586927859,"Outer Pleta Naua","1 sigma"
12.3116169833333,0.319787994991236,"Outer Pleta Naua","1 sigma"
12.4628947466667,0.300233548005029,"Outer Pleta Naua","1 sigma"
12.3492200766667,0.241137104312723,"Outer Pleta Naua","1 sigma"
12.6709377133333,0.405332001191673,"Outer Pleta Naua","1 sigma"
12.8638614533333,0.0640450573186115,"Outer Pleta Naua","1 sigma"
12.53455034,0.309330225841268,"Outer Pleta Naua","1 sigma"
12.7584688833333,0.179656799595567,"Outer Pleta Naua","1 sigma"
12.5923194566667,0.41340892299366,"Outer Pleta Naua","1 sigma"
12.5110799066667,0.434660061434045,"Outer Pleta Naua","1 sigma"
12.69321932,0.493247837709521,"Outer Pleta Naua","1 sigma"
12.2394110633333,0.489203282819709,"Outer Pleta Naua","1 sigma"
12.4670605566667,0.391620742459916,"Outer Pleta Naua","1 sigma"
12.6663000833333,0.20216344250376,"Outer Pleta Naua","1 sigma"
12.5825208133333,0.342741619080866,"Outer Pleta Naua","1 sigma"
12.6129558466667,0.433514615433032,"Outer Pleta Naua","1 sigma"
12.5378599433333,0.397384318813231,"Outer Pleta Naua","1 sigma"
12.6484397,0.131230110871219,"Outer Pleta Naua","1 sigma"
12.5360082766667,0.317086683973834,"Outer Pleta Naua","1 sigma"
12.5855725066667,0.176454574035666,"Outer Pleta Naua","1 sigma"
12.5121465833333,0.505106650890909,"Outer Pleta Naua","1 sigma"
12.3148123133333,0.475626623628233,"Outer Pleta Naua","1 sigma"
12.35292393,0.499889428077211,"Outer Pleta Naua","1 sigma"
12.5027915566667,0.262906619551592,"Outer Pleta Naua","1 sigma"
12.53696136,0.0160182648515132,"Outer Pleta Naua","1 sigma"
12.3959988766667,0.314554963901085,"Outer Pleta Naua","1 sigma"
12.31084863,0.513834622761832,"Outer Pleta Naua","1 sigma"
12.8341078733333,0.216623619002567,"Outer Pleta Naua","1 sigma"
12.4099942766667,0.38756824523772,"Outer Pleta Naua","1 sigma"
12.3575984133333,0.0674923363741474,"Outer Pleta Naua","1 sigma"
12.38889316,0.458178746491436,"Outer Pleta Naua","1 sigma"
12.43920558,0.580860648252861,"Outer Pleta Naua","1 sigma"
12.5806486066667,0.365645246194255,"Outer Pleta Naua","1 sigma"
12.5516206933333,0.414753335191548,"Outer Pleta Naua","1 sigma"
12.7736350633333,0.331798066326501,"Outer Pleta Naua","1 sigma"
12.63352557,0.0731048762811574,"Outer Pleta Naua","1 sigma"
12.48790263,0.303112677841429,"Outer Pleta Naua","1 sigma"
12.67591242,0.171109482854765,"Outer Pleta Naua","1 sigma"
12.7089862766667,0.1566171891658,"Outer Pleta Naua","1 sigma"
12.6534006166667,0.179622780577798,"Outer Pleta Naua","1 sigma"
12.3429224833333,0.10725744727384,"Outer Pleta Naua","1 sigma"
12.4459462333333,0.42066395828478,"Outer Pleta Naua","1 sigma"
12.54692278,0.197003085491142,"Outer Pleta Naua","1 sigma"
12.57608175,0.237320445029901,"Outer Pleta Naua","1 sigma"
12.5050012266667,0.460120118292038,"Outer Pleta Naua","1 sigma"
12.29912597,0.146896535024125,"Outer Pleta Naua","1 sigma"
12.6306203333333,0.432859283709777,"Outer Pleta Naua","1 sigma"
12.3511654,0.230585502274627,"Outer Pleta Naua","1 sigma"
12.8007382666667,0.25064505335386,"Outer Pleta Naua","1 sigma"
12.64386622,0.452902954917013,"Outer Pleta Naua","1 sigma"
12.3194554266667,0.358873618741071,"Outer Pleta Naua","1 sigma"
12.53759846,0.291546906420009,"Outer Pleta Naua","1 sigma"
12.3659083433333,0.453594221270908,"Outer Pleta Naua","1 sigma"
12.2783545566667,0.206550787989289,"Outer Pleta Naua","1 sigma"
12.6238093366667,0.702491420413259,"Outer Pleta Naua","1 sigma"
12.2370172266667,0.265880203407382,"Outer Pleta Naua","1 sigma"
12.44846141,0.14359025730838,"Outer Pleta Naua","1 sigma"
12.44363418,0.24099395525361,"Outer Pleta Naua","1 sigma"
12.4789198433333,0.379749291649021,"Outer Pleta Naua","1 sigma"
12.4489543133333,0.219966212095408,"Outer Pleta Naua","1 sigma"
12.3935160266667,0.508307319153479,"Outer Pleta Naua","1 sigma"
12.6559207433333,0.374211121735452,"Outer Pleta Naua","1 sigma"
12.2973090566667,0.481192220348902,"Outer Pleta Naua","1 sigma"
12.3883285433333,0.458517762531822,"Outer Pleta Naua","1 sigma"
12.6835488233333,0.142217022227378,"Outer Pleta Naua","1 sigma"
12.6013523233333,0.400478224589647,"Outer Pleta Naua","1 sigma"
12.56850749,0.429555873304585,"Outer Pleta Naua","1 sigma"
12.41719974,0.491164459129746,"Outer Pleta Naua","1 sigma"
12.6503440933333,0.395676029860084,"Outer Pleta Naua","1 sigma"
12.6263360866667,0.332459047561772,"Outer Pleta Naua","1 sigma"
12.3506294566667,0.496053189005715,"Outer Pleta Naua","1 sigma"
12.60800714,0.416938599271324,"Outer Pleta Naua","1 sigma"
12.53500553,0.0702235020153463,"Outer Pleta Naua","1 sigma"
12.7855169466667,0.234243327674621,"Outer Pleta Naua","1 sigma"
12.3764782066667,0.168575436472647,"Outer Pleta Naua","1 sigma"
12.3567295133333,0.477291126492777,"Outer Pleta Naua","1 sigma"
12.0981385233333,0.140253170125816,"Outer Pleta Naua","1 sigma"
12.6871090633333,0.435876716507597,"Outer Pleta Naua","1 sigma"
12.3949745966667,0.583150021065661,"Outer Pleta Naua","1 sigma"
12.5818258,0.250937270630771,"Outer Pleta Naua","1 sigma"
12.3354457733333,0.471454031233467,"Outer Pleta Naua","1 sigma"
12.3717677566667,0.070465162391159,"Outer Pleta Naua","1 sigma"
12.4278011666667,0.256602406300936,"Outer Pleta Naua","1 sigma"
12.2025496533333,0.26221098679927,"Outer Pleta Naua","1 sigma"
12.6547332533333,0.240492658891429,"Outer Pleta Naua","1 sigma"
12.4736325866667,0.212598008038136,"Outer Pleta Naua","1 sigma"
12.4012181866667,0.276362943527714,"Outer Pleta Naua","1 sigma"
12.2751441533333,0.376922804805123,"Outer Pleta Naua","1 sigma"
12.7836775466667,0.19627433632157,"Outer Pleta Naua","1 sigma"
12.5856315666667,0.39043247468018,"Outer Pleta Naua","1 sigma"
12.5589476133333,0.294317541301858,"Outer Pleta Naua","1 sigma"
12.7685572033333,0.285020625386054,"Outer Pleta Naua","1 sigma"
12.36255169,0.245915556706569,"Outer Pleta Naua","1 sigma"
12.4456950933333,0.426215841845024,"Outer Pleta Naua","1 sigma"
12.28032869,0.0658898651645659,"Outer Pleta Naua","1 sigma"
12.3253903233333,0.406648761264753,"Outer Pleta Naua","1 sigma"
12.3306402166667,0.269629814953425,"Outer Pleta Naua","1 sigma"
12.29335673,0.210560398865591,"Outer Pleta Naua","1 sigma"
12.5074889366667,0.405889200660647,"Outer Pleta Naua","1 sigma"
12.55973059,0.198448286394952,"Outer Pleta Naua","1 sigma"
12.54245528,0.296343920020342,"Outer Pleta Naua","1 sigma"
12.6966229266667,0.356102146009773,"Outer Pleta Naua","1 sigma"
12.3886665233333,0.423448957183396,"Outer Pleta Naua","1 sigma"
12.4767170066667,0.278542438343371,"Outer Pleta Naua","1 sigma"
12.4724686166667,0.281578489332667,"Outer Pleta Naua","1 sigma"
12.3741564333333,0.497011095326166,"Outer Pleta Naua","1 sigma"
12.70509888,0.436831558705471,"Outer Pleta Naua","1 sigma"
12.5764472833333,0.323797162052693,"Outer Pleta Naua","1 sigma"
12.5933208433333,0.19773103151876,"Outer Pleta Naua","1 sigma"
12.2623836733333,0.155715499643978,"Outer Pleta Naua","1 sigma"
12.7588656333333,0.2915070229612,"Outer Pleta Naua","1 sigma"
12.3877452033333,0.53205588011416,"Outer Pleta Naua","1 sigma"
12.3538309666667,0.426699385358726,"Outer Pleta Naua","1 sigma"
12.7464749433333,0.267830746470973,"Outer Pleta Naua","1 sigma"
12.86280433,0.126306232504425,"Outer Pleta Naua","1 sigma"
12.6314284133333,0.32517572393769,"Outer Pleta Naua","1 sigma"
12.5436154533333,0.230300914951869,"Outer Pleta Naua","1 sigma"
12.3898756,0.514217954521707,"Outer Pleta Naua","1 sigma"
12.71444276,0.16930531958365,"Outer Pleta Naua","1 sigma"
12.6249792466667,0.396686984310109,"Outer Pleta Naua","1 sigma"
12.62307142,0.362152237775522,"Outer Pleta Naua","1 sigma"
12.7375726466667,0.376309758353165,"Outer Pleta Naua","1 sigma"
12.8206070566667,0.053572589876318,"Outer Pleta Naua","1 sigma"
12.62643586,0.59212644437799,"Outer Pleta Naua","1 sigma"
12.56965441,0.268843048856594,"Outer Pleta Naua","1 sigma"
12.3541929566667,0.0610464368219094,"Outer Pleta Naua","1 sigma"
12.5647696266667,0.423939047655154,"Outer Pleta Naua","1 sigma"
12.39160795,0.206521177368671,"Outer Pleta Naua","1 sigma"
12.2565668366667,0.39078326649586,"Outer Pleta Naua","1 sigma"
12.6277968833333,0.339773035659549,"Outer Pleta Naua","1 sigma"
12.5862446733333,0.347065514752223,"Outer Pleta Naua","1 sigma"
12.3801404933333,0.372590839740457,"Outer Pleta Naua","1 sigma"
12.56790787,0.259105615996149,"Outer Pleta Naua","1 sigma"
12.8034278266667,0.0433836557682849,"Outer Pleta Naua","1 sigma"
12.7674243133333,0.211295667863092,"Outer Pleta Naua","1 sigma"
12.6504173666667,0.121543369028997,"Outer Pleta Naua","1 sigma"
12.3166133066667,0.227568543603671,"Outer Pleta Naua","1 sigma"
12.3176216666667,0.187864703231631,"Outer Pleta Naua","1 sigma"
12.7199002733333,0.266106354238212,"Outer Pleta Naua","1 sigma"
12.27183901,0.0585363645172032,"Outer Pleta Naua","1 sigma"
12.64014184,0.45019237280115,"Outer Pleta Naua","1 sigma"
12.5948562333333,0.232320768865202,"Outer Pleta Naua","1 sigma"
12.7320617366667,0.129366453810886,"Outer Pleta Naua","1 sigma"
12.1887703366667,0.0193841960331659,"Outer Pleta Naua","1 sigma"
12.5473038433333,0.450638361264923,"Outer Pleta Naua","1 sigma"
12.5452265666667,0.47903377284844,"Outer Pleta Naua","1 sigma"
12.6444888766667,0.369203120199895,"Outer Pleta Naua","1 sigma"
12.56555129,0.136482367416869,"Outer Pleta Naua","1 sigma"
12.53557847,0.441460919786203,"Outer Pleta Naua","1 sigma"
12.1749802566667,0.0716802112025999,"Outer Pleta Naua","1 sigma"
12.86778192,0.173540677054225,"Outer Pleta Naua","1 sigma"
12.46631362,0.302514509651138,"Outer Pleta Naua","1 sigma"
12.5879925066667,0.489111160939495,"Outer Pleta Naua","1 sigma"
12.5527389766667,0.235834834492237,"Outer Pleta Naua","1 sigma"
12.4357050233333,0.368946854803297,"Outer Pleta Naua","1 sigma"
12.23654421,0.347513464976976,"Outer Pleta Naua","1 sigma"
12.60254438,0.1254276238117,"Outer Pleta Naua","1 sigma"
12.58765445,0.440683095300275,"Outer Pleta Naua","1 sigma"
12.56936986,0.268864694152794,"Outer Pleta Naua","1 sigma"
12.3648131,0.569140037489264,"Outer Pleta Naua","1 sigma"
12.6701089666667,0.127638012806067,"Outer Pleta Naua","1 sigma"
12.5645838866667,0.281598477880684,"Outer Pleta Naua","1 sigma"
12.25921657,0.128745299871288,"Outer Pleta Naua","1 sigma"
12.68917478,0.217543233031729,"Outer Pleta Naua","1 sigma"
12.1827177533333,0.145117694880595,"Outer Pleta Naua","1 sigma"
12.48941896,0.17018300031572,"Outer Pleta Naua","1 sigma"
12.5487308933333,0.228696343536021,"Outer Pleta Naua","1 sigma"
12.4855772266667,0.291340072088611,"Outer Pleta Naua","1 sigma"
12.2565668366667,0.39078326649586,"Outer Pleta Naua","1 sigma"
12.6624457766667,0.311980389341326,"Outer Pleta Naua","1 sigma"
12.5324607133333,0.442476245086689,"Outer Pleta Naua","1 sigma"
12.66040312,0.230763495680427,"Outer Pleta Naua","1 sigma"
12.6994407566667,0.214474730147006,"Outer Pleta Naua","1 sigma"
12.6401897533333,0.36507796437086,"Outer Pleta Naua","1 sigma"
12.7187192066667,0.166525916353041,"Outer Pleta Naua","1 sigma"
12.59908659,0.219978442306259,"Outer Pleta Naua","1 sigma"
12.5928599266667,0.302586846740142,"Outer Pleta Naua","1 sigma"
12.0656185733333,0.194579287842942,"Outer Pleta Naua","1 sigma"
12.2362322166667,0.0621672991215937,"Outer Pleta Naua","1 sigma"
12.5883034566667,0.125025582110137,"Outer Pleta Naua","1 sigma"
12.53229325,0.368659720000922,"Outer Pleta Naua","1 sigma"
12.6777778766667,0.296227217312127,"Outer Pleta Naua","1 sigma"
12.6229322066667,0.475552765458257,"Outer Pleta Naua","1 sigma"
12.3625270733333,0.532528332180823,"Outer Pleta Naua","1 sigma"
12.5507899266667,0.247529761078975,"Outer Pleta Naua","1 sigma"
12.71233193,0.357257777960999,"Outer Pleta Naua","1 sigma"
12.6266466533333,0.435419060054581,"Outer Pleta Naua","1 sigma"
12.24398769,0.144209682116884,"Outer Pleta Naua","1 sigma"
12.7338527,0.320781593948667,"Outer Pleta Naua","1 sigma"
12.5778161566667,0.312812789680707,"Outer Pleta Naua","1 sigma"
12.6091038466667,0.360956645129306,"Outer Pleta Naua","1 sigma"
12.8699669166667,0.232158799191483,"Outer Pleta Naua","1 sigma"
12.4184092366667,0.248723160451703,"Outer Pleta Naua","1 sigma"
12.6429692433333,0.100762141837478,"Outer Pleta Naua","1 sigma"
12.6551174433333,0.181740513478904,"Outer Pleta Naua","1 sigma"
12.5303484966667,0.42413241543323,"Outer Pleta Naua","1 sigma"
12.7180306,0.109900175495935,"Outer Pleta Naua","1 sigma"
12.5474329133333,0.427189229253383,"Outer Pleta Naua","1 sigma"
12.5603692666667,0.294042142161967,"Outer Pleta Naua","1 sigma"
12.3780444966667,0.219674471330999,"Outer Pleta Naua","1 sigma"
12.3587364,0.207162924737892,"Outer Pleta Naua","1 sigma"
12.6996286066667,0.383126613462155,"Outer Pleta Naua","1 sigma"
12.3347555866667,0.132116771121381,"Outer Pleta Naua","1 sigma"
12.9548211533333,0.0944212496362447,"Outer Pleta Naua","1 sigma"
12.47607245,0.607752380135012,"Outer Pleta Naua","1 sigma"
12.3921634833333,0.393187000642785,"Outer Pleta Naua","1 sigma"
12.5229106633333,0.369225243875691,"Outer Pleta Naua","1 sigma"
12.4541706833333,0.462039831385156,"Outer Pleta Naua","1 sigma"
12.15546308,0.187801717917613,"Outer Pleta Naua","1 sigma"
12.3692112133333,0.439281976122567,"Outer Pleta Naua","1 sigma"
12.0304366833333,0.188290815701217,"Outer Pleta Naua","1 sigma"
12.6028464133333,0.236523987335469,"Outer Pleta Naua","1 sigma"
12.07133919,0.22374768635202,"Outer Pleta Naua","1 sigma"
12.5890516233333,0.33920716647882,"Outer Pleta Naua","1 sigma"
12.31676009,0.267054968366118,"Outer Pleta Naua","1 sigma"
12.7242672666667,0.346049500161233,"Outer Pleta Naua","1 sigma"
12.15196579,0.142079626334392,"Outer Pleta Naua","1 sigma"
12.4515679,0.306823157411381,"Outer Pleta Naua","1 sigma"
12.6717323366667,0.206084113154816,"Outer Pleta Naua","1 sigma"
12.62003011,0.173001572604523,"Outer Pleta Naua","1 sigma"
12.4392946433333,0.291420498539672,"Outer Pleta Naua","1 sigma"
12.43612847,0.341871473838193,"Outer Pleta Naua","1 sigma"
12.6839346166667,0.330768447264067,"Outer Pleta Naua","1 sigma"
12.59926835,0.269500749034029,"Outer Pleta Naua","1 sigma"
12.5947486066667,0.0411200268658792,"Outer Pleta Naua","1 sigma"
12.9303601233333,0.0241224848706294,"Outer Pleta Naua","1 sigma"
12.31497244,0.243727563566604,"Outer Pleta Naua","1 sigma"
12.0092467,0.14642033295947,"Outer Pleta Naua","1 sigma"
12.5069834833333,0.60102673781328,"Outer Pleta Naua","1 sigma"
12.4863682933333,0.583549668109478,"Outer Pleta Naua","1 sigma"
12.5348758033333,0.159795866656964,"Outer Pleta Naua","1 sigma"
12.8517882866667,0.191875283320576,"Outer Pleta Naua","1 sigma"
12.56400101,0.0411031996094068,"Outer Pleta Naua","1 sigma"
12.56240914,0.234455529098735,"Outer Pleta Naua","1 sigma"
12.4509480733333,0.592592397856599,"Outer Pleta Naua","1 sigma"
12.7056586166667,0.435098251618322,"Outer Pleta Naua","1 sigma"
12.6157142433333,0.156141739422078,"Outer Pleta Naua","1 sigma"
12.68997697,0.279369807633749,"Outer Pleta Naua","1 sigma"
12.4689611633333,0.466511658902385,"Outer Pleta Naua","1 sigma"
12.2960100933333,0.145062994064569,"Outer Pleta Naua","1 sigma"
12.26427287,0.403797587836395,"Outer Pleta Naua","1 sigma"
12.65875449,0.248103050669596,"Outer Pleta Naua","1 sigma"
12.0482075566667,0.205729166146048,"Outer Pleta Naua","1 sigma"
12.7664850166667,0.183839745819656,"Outer Pleta Naua","1 sigma"
12.17255744,0.143540162490504,"Outer Pleta Naua","1 sigma"
12.8341531366667,0.121951722901667,"Outer Pleta Naua","1 sigma"
12.3517933633333,0.247803059167674,"Outer Pleta Naua","1 sigma"
12.4378887933333,0.403136405023079,"Outer Pleta Naua","1 sigma"
12.33842668,0.452715346437749,"Outer Pleta Naua","1 sigma"
12.3398790633333,0.496947102302992,"Outer Pleta Naua","1 sigma"
12.6330689066667,0.241681283219913,"Outer Pleta Naua","1 sigma"
12.8101389566667,0.239153893826774,"Outer Pleta Naua","1 sigma"
12.7183586766667,0.133194456010838,"Outer Pleta Naua","1 sigma"
12.6976822233333,0.199962847295792,"Outer Pleta Naua","1 sigma"
12.7643267433333,0.11367085755185,"Outer Pleta Naua","1 sigma"
12.6760088866667,0.205150426790587,"Outer Pleta Naua","1 sigma"
12.4170873433333,0.192324649703508,"Outer Pleta Naua","1 sigma"
12.8128756033333,0.20124145053014,"Outer Pleta Naua","1 sigma"
12.5107285466667,0.257158270046062,"Outer Pleta Naua","1 sigma"
12.62715395,0.425909053928528,"Outer Pleta Naua","1 sigma"
12.61246817,0.292223824864874,"Outer Pleta Naua","1 sigma"
12.49404949,0.0488069318132545,"Outer Pleta Naua","1 sigma"
12.5721704533333,0.322385433673229,"Outer Pleta Naua","1 sigma"
12.6365710266667,0.380660894290181,"Outer Pleta Naua","1 sigma"
12.2685276833333,0.119418297831516,"Outer Pleta Naua","1 sigma"
12.25099141,0.403743549680087,"Outer Pleta Naua","1 sigma"
12.3298298266667,0.51593594204027,"Outer Pleta Naua","1 sigma"
12.28939061,0.208789191419509,"Outer Pleta Naua","1 sigma"
12.3448226766667,0.023797424538333,"Outer Pleta Naua","1 sigma"
12.5012539033333,0.231305652280126,"Outer Pleta Naua","1 sigma"
12.68622909,0.333067801328282,"Outer Pleta Naua","1 sigma"
12.8014245866667,0.0429315517129196,"Outer Pleta Naua","1 sigma"
12.6163089166667,0.321797859354457,"Outer Pleta Naua","1 sigma"
12.6700938033333,0.228464826457799,"Outer Pleta Naua","1 sigma"
12.7242390133333,0.340548571156576,"Outer Pleta Naua","1 sigma"
12.77299984,0.318789865984447,"Outer Pleta Naua","1 sigma"
12.79115078,0.208165870595655,"Outer Pleta Naua","1 sigma"
12.63069163,0.484503812432022,"Outer Pleta Naua","1 sigma"
12.8286429233333,0.208838596446708,"Outer Pleta Naua","1 sigma"
12.48782942,0.286423444367303,"Outer Pleta Naua","1 sigma"
12.12804762,0.251651850538166,"Outer Pleta Naua","1 sigma"
12.72722621,0.36531421856733,"Outer Pleta Naua","1 sigma"
12.2700545733333,0.258857879770491,"Outer Pleta Naua","1 sigma"
12.4722493633333,0.110754997883572,"Outer Pleta Naua","1 sigma"
12.56502512,0.249429340974699,"Outer Pleta Naua","1 sigma"
12.21340258,0.523208686344221,"Outer Pleta Naua","1 sigma"
12.69877232,0.181887884464776,"Outer Pleta Naua","1 sigma"
12.16503359,0.328452729623282,"Outer Pleta Naua","1 sigma"
12.23388717,0.173674075127709,"Outer Pleta Naua","1 sigma"
12.5767894866667,0.192066853337121,"Outer Pleta Naua","1 sigma"
12.6311447,0.260296033414884,"Outer Pleta Naua","1 sigma"
12.4837576733333,0.327577750432028,"Outer Pleta Naua","1 sigma"
12.6103241833333,0.25584001226169,"Outer Pleta Naua","1 sigma"
12.4027636633333,0.235920154108077,"Outer Pleta Naua","1 sigma"
12.5646887333333,0.30548518445627,"Outer Pleta Naua","1 sigma"
12.8128428266667,0.190116886377868,"Outer Pleta Naua","1 sigma"
12.6185835033333,0.375280733666892,"Outer Pleta Naua","1 sigma"
12.37022301,0.463002814663263,"Outer Pleta Naua","1 sigma"
12.4959148233333,0.370532608791606,"Outer Pleta Naua","1 sigma"
12.8007382666667,0.25064505335386,"Outer Pleta Naua","1 sigma"
12.19422006,0.109650756606913,"Outer Pleta Naua","1 sigma"
12.78371185,0.070667916902908,"Outer Pleta Naua","1 sigma"
12.22063472,0.266107503858981,"Outer Pleta Naua","1 sigma"
12.8163647433333,0.0984397983582867,"Outer Pleta Naua","1 sigma"
12.28037118,0.558291335939919,"Outer Pleta Naua","1 sigma"
12.31252843,0.431571499673009,"Outer Pleta Naua","1 sigma"
12.6426797233333,0.292147368236688,"Outer Pleta Naua","1 sigma"
12.7968786466667,0.210058310522618,"Outer Pleta Naua","1 sigma"
12.2763388533333,0.475620925273824,"Outer Pleta Naua","1 sigma"
12.7268054566667,0.437325252710213,"Outer Pleta Naua","1 sigma"
12.83384667,0.11042368081416,"Outer Pleta Naua","1 sigma"
12.50731186,0.375362859672409,"Outer Pleta Naua","1 sigma"
12.7382403133333,0.201339384244041,"Outer Pleta Naua","1 sigma"
12.42420553,0.437391675043017,"Outer Pleta Naua","1 sigma"
12.4176433466667,0.547357369062348,"Outer Pleta Naua","1 sigma"
12.6297914933333,0.198708851343057,"Outer Pleta Naua","1 sigma"
12.59690645,0.247949826176936,"Outer Pleta Naua","1 sigma"
12.5633743266667,0.46995513057421,"Outer Pleta Naua","1 sigma"
12.3720875266667,0.350898688707056,"Outer Pleta Naua","1 sigma"
12.9046975066667,0.146271920680224,"Outer Pleta Naua","1 sigma"
12.4469318066667,0.208960818666677,"Outer Pleta Naua","1 sigma"
12.3640354333333,0.178246349979974,"Outer Pleta Naua","1 sigma"
12.68956209,0.246648858472649,"Outer Pleta Naua","1 sigma"
12.60211292,0.510978722063228,"Outer Pleta Naua","1 sigma"
12.6106346766667,0.175783073700655,"Outer Pleta Naua","1 sigma"
12.7497995566667,0.365504389441641,"Outer Pleta Naua","1 sigma"
12.2954048166667,0.452036416021525,"Outer Pleta Naua","1 sigma"
12.7525760733333,0.216530825369768,"Outer Pleta Naua","1 sigma"
12.4105004866667,0.257503141490461,"Outer Pleta Naua","1 sigma"
12.83040349,0.105952483421505,"Outer Pleta Naua","1 sigma"
12.5907123833333,0.266365017632991,"Outer Pleta Naua","1 sigma"
12.6709419066667,0.562341194719681,"Outer Pleta Naua","1 sigma"
12.4043417733333,0.27740181300374,"Outer Pleta Naua","1 sigma"
12.56070196,0.234550153263234,"Outer Pleta Naua","1 sigma"
11.9358947566667,0.118900799263582,"Outer Pleta Naua","1 sigma"
12.47029095,0.303094308455314,"Outer Pleta Naua","1 sigma"
12.5146291366667,0.411185331882182,"Outer Pleta Naua","1 sigma"
12.5936784,0.402752495075524,"Outer Pleta Naua","1 sigma"
12.7484422666667,0.324410415659456,"Outer Pleta Naua","1 sigma"
12.3415922,0.151265176634379,"Outer Pleta Naua","1 sigma"
12.73895143,0.145250735319789,"Outer Pleta Naua","1 sigma"
12.6168294133333,0.311164034962993,"Outer Pleta Naua","1 sigma"
12.44374793,0.270534898527993,"Outer Pleta Naua","1 sigma"
12.2324155766667,0.312383899127559,"Outer Pleta Naua","1 sigma"
12.7703433,0.229401389271088,"Outer Pleta Naua","1 sigma"
12.66393532,0.172944745939291,"Outer Pleta Naua","1 sigma"
12.3851105966667,0.484249844143624,"Outer Pleta Naua","1 sigma"
12.3494590333333,0.5952814340524,"Outer Pleta Naua","1 sigma"
12.4742903366667,0.364360140672294,"Outer Pleta Naua","1 sigma"
12.49924723,0.405972020717367,"Outer Pleta Naua","1 sigma"
12.3661240633333,0.521999441925992,"Outer Pleta Naua","1 sigma"
12.4767106633333,0.583676551877898,"Outer Pleta Naua","1 sigma"
12.6776314933333,0.326046988768725,"Outer Pleta Naua","1 sigma"
12.57785056,0.319844807685526,"Outer Pleta Naua","1 sigma"
12.4490329833333,0.600684175064775,"Outer Pleta Naua","1 sigma"
12.55293463,0.345697944455274,"Outer Pleta Naua","1 sigma"
12.5889675966667,0.257139479727954,"Outer Pleta Naua","1 sigma"
12.6958967,0.426498310028932,"Outer Pleta Naua","1 sigma"
12.7525760733333,0.216530825369768,"Outer Pleta Naua","1 sigma"
12.5629617833333,0.30126088559086,"Outer Pleta Naua","1 sigma"
12.7441478733333,0.322640264635212,"Outer Pleta Naua","1 sigma"
12.6579186133333,0.162199006306531,"Outer Pleta Naua","1 sigma"
12.32803578,0.46486669619923,"Outer Pleta Naua","1 sigma"
12.4566435966667,0.117865568130506,"Outer Pleta Naua","1 sigma"
12.5949392933333,0.164561400732211,"Outer Pleta Naua","1 sigma"
12.7265286,0.280432459297611,"Outer Pleta Naua","1 sigma"
12.4239211633333,0.437290579478175,"Outer Pleta Naua","1 sigma"
12.6077297533333,0.370164812220575,"Outer Pleta Naua","1 sigma"
12.7047312,0.377014142945576,"Outer Pleta Naua","1 sigma"
12.4395595466667,0.397499667293952,"Outer Pleta Naua","1 sigma"
12.6564576966667,0.31249708081621,"Outer Pleta Naua","1 sigma"
12.2492115733333,0.197793722501014,"Outer Pleta Naua","1 sigma"
12.5051109766667,0.6139602367288,"Outer Pleta Naua","1 sigma"
12.3995074866667,0.388489917683087,"Outer Pleta Naua","1 sigma"
12.8945145566667,0.0438875368689297,"Outer Pleta Naua","1 sigma"
12.5967992866667,0.0963644413730725,"Outer Pleta Naua","1 sigma"
12.5793647466667,0.0265621647183364,"Outer Pleta Naua","1 sigma"
12.4466559866667,0.520415735473402,"Outer Pleta Naua","1 sigma"
12.6120378833333,0.322379888967598,"Outer Pleta Naua","1 sigma"
12.6894473966667,0.0874367044385581,"Outer Pleta Naua","1 sigma"
12.3964873666667,0.355326944717701,"Outer Pleta Naua","1 sigma"
12.5303544033333,0.467498570956508,"Outer Pleta Naua","1 sigma"
12.5215122233333,0.160562024204339,"Outer Pleta Naua","1 sigma"
12.53504113,0.0983138084682349,"Outer Pleta Naua","1 sigma"
12.4648713666667,0.449871500535818,"Outer Pleta Naua","1 sigma"
12.7776674966667,0.389718323415923,"Outer Pleta Naua","1 sigma"
12.50266516,0.119966255466115,"Outer Pleta Naua","1 sigma"
12.8123852933333,0.226720804173976,"Outer Pleta Naua","1 sigma"
12.4307347466667,0.438429533839473,"Outer Pleta Naua","1 sigma"
12.3858396933333,0.171809616263167,"Outer Pleta Naua","1 sigma"
12.3863866333333,0.540007209260581,"Outer Pleta Naua","1 sigma"
12.6274625033333,0.26615366462168,"Outer Pleta Naua","1 sigma"
12.57065612,0.303174632397766,"Outer Pleta Naua","1 sigma"
12.6966877633333,0.146825708812775,"Outer Pleta Naua","1 sigma"
12.56070196,0.234550153263234,"Outer Pleta Naua","1 sigma"
12.7648080533333,0.277331690874186,"Outer Pleta Naua","1 sigma"
12.4864925733333,0.410639377876214,"Outer Pleta Naua","1 sigma"
12.26274879,0.187646527496189,"Outer Pleta Naua","1 sigma"
12.3909985366667,0.474592305807005,"Outer Pleta Naua","1 sigma"
12.2677802333333,0.166332252701599,"Outer Pleta Naua","1 sigma"
12.62643586,0.59212644437799,"Outer Pleta Naua","1 sigma"
12.36099798,0.205529509056984,"Outer Pleta Naua","1 sigma"
12.2281537566667,0.494916197386139,"Outer Pleta Naua","1 sigma"
12.2408351533333,0.12190791683471,"Outer Pleta Naua","1 sigma"
12.6122025733333,0.354430604129539,"Outer Pleta Naua","1 sigma"
12.5735681833333,0.25069129792493,"Outer Pleta Naua","1 sigma"
12.2255472733333,0.292547587708679,"Outer Pleta Naua","1 sigma"
12.17559709,0.110144315353098,"Outer Pleta Naua","1 sigma"
12.6389394933333,0.440888214892314,"Outer Pleta Naua","1 sigma"
12.4277097733333,0.126463832624722,"Outer Pleta Naua","1 sigma"
12.4009453366667,0.55163257724615,"Outer Pleta Naua","1 sigma"
12.3515431866667,0.167484297356285,"Outer Pleta Naua","1 sigma"
12.5877921033333,0.370465201094901,"Outer Pleta Naua","1 sigma"
12.73980318,0.24157396812014,"Outer Pleta Naua","1 sigma"
12.58231508,0.49126799339216,"Outer Pleta Naua","1 sigma"
12.56241058,0.234862278643307,"Outer Pleta Naua","1 sigma"
12.44847855,0.459937301508684,"Outer Pleta Naua","1 sigma"
12.64484414,0.264581801019298,"Outer Pleta Naua","1 sigma"
12.5128560266667,0.444883369090074,"Outer Pleta Naua","1 sigma"
12.7923462066667,0.296896868712542,"Outer Pleta Naua","1 sigma"
12.5830529666667,0.192032331509438,"Outer Pleta Naua","1 sigma"
12.8331033366667,0.321974846554297,"Outer Pleta Naua","1 sigma"
12.56171322,0.0148461256338718,"Outer Pleta Naua","1 sigma"
12.5029909433333,0.599540750478269,"Outer Pleta Naua","1 sigma"
12.6537584833333,0.394452200111236,"Outer Pleta Naua","1 sigma"
12.8237659033333,0.0647849672398293,"Outer Pleta Naua","1 sigma"
12.5380267633333,0.323019114616363,"Outer Pleta Naua","1 sigma"
12.8836951933333,0.109156770007497,"Outer Pleta Naua","1 sigma"
12.36939968,0.505974548007231,"Outer Pleta Naua","1 sigma"
12.3856465733333,0.0619003549205246,"Outer Pleta Naua","1 sigma"
12.4686004866667,0.598025722649803,"Outer Pleta Naua","1 sigma"
12.46586202,0.470003673408288,"Outer Pleta Naua","1 sigma"
12.6509305766667,0.21231551978193,"Outer Pleta Naua","1 sigma"
12.5298485966667,0.388665647951018,"Outer Pleta Naua","1 sigma"
12.6389272266667,0.342498266929956,"Outer Pleta Naua","1 sigma"
12.5280958166667,0.380875549830434,"Outer Pleta Naua","1 sigma"
12.16837809,0.320153083672227,"Outer Pleta Naua","1 sigma"
12.42812999,0.510114294158232,"Outer Pleta Naua","1 sigma"
12.42633874,0.569249706488528,"Outer Pleta Naua","1 sigma"
12.7567910466667,0.274296050785625,"Outer Pleta Naua","1 sigma"
12.4995530166667,0.360358524236762,"Outer Pleta Naua","1 sigma"
12.52227708,0.357259129747447,"Outer Pleta Naua","1 sigma"
12.29982587,0.198603645118917,"Outer Pleta Naua","1 sigma"
12.3939340933333,0.354826507330231,"Outer Pleta Naua","1 sigma"
12.3659281433333,0.140340617204918,"Outer Pleta Naua","1 sigma"
12.5181958966667,0.477494399245242,"Outer Pleta Naua","1 sigma"
12.5904257533333,0.329345922433801,"Outer Pleta Naua","1 sigma"
12.7380059633333,0.446211920826448,"Outer Pleta Naua","1 sigma"
12.6948945033333,0.221097034791936,"Outer Pleta Naua","1 sigma"
12.41953043,0.368592055805599,"Outer Pleta Naua","1 sigma"
12.8171549566667,0.196579866028016,"Outer Pleta Naua","1 sigma"
12.33591928,0.146923644631887,"Outer Pleta Naua","1 sigma"
12.7286532666667,0.308632597201474,"Outer Pleta Naua","1 sigma"
12.5896510666667,0.441179617054488,"Outer Pleta Naua","1 sigma"
12.7412206033333,0.238462292863883,"Outer Pleta Naua","1 sigma"
12.7524634133333,0.178488787324341,"Outer Pleta Naua","1 sigma"
12.5499826766667,0.467474121728009,"Outer Pleta Naua","1 sigma"
12.3538784133333,0.433989809890367,"Outer Pleta Naua","1 sigma"
12.55697934,0.2996383445267,"Outer Pleta Naua","1 sigma"
12.5892044466667,0.147771219980505,"Outer Pleta Naua","1 sigma"
12.0385866233333,0.186304023831151,"Outer Pleta Naua","1 sigma"
12.7608887,0.109185807851269,"Outer Pleta Naua","1 sigma"
12.5951663433333,0.567333542205821,"Outer Pleta Naua","1 sigma"
12.76079778,0.275413357354081,"Outer Pleta Naua","1 sigma"
12.2652673,0.327418032226972,"Outer Pleta Naua","1 sigma"
12.5735095833333,0.234452232001155,"Outer Pleta Naua","1 sigma"
12.1973986366667,0.366872030473235,"Outer Pleta Naua","1 sigma"
12.57220251,0.265478555922692,"Outer Pleta Naua","1 sigma"
12.6779974166667,0.480034669841442,"Outer Pleta Naua","1 sigma"
12.5795290333333,0.460523324877474,"Outer Pleta Naua","1 sigma"
12.53929465,0.214039561991688,"Outer Pleta Naua","1 sigma"
12.6548024966667,0.425208340355555,"Outer Pleta Naua","1 sigma"
12.6492743266667,0.528735262322162,"Outer Pleta Naua","1 sigma"
12.55209369,0.0871098243442281,"Outer Pleta Naua","1 sigma"
12.2597440466667,0.294488843820632,"Outer Pleta Naua","1 sigma"
12.5230699,0.0775888731498111,"Outer Pleta Naua","1 sigma"
12.3800963033333,0.139990944239421,"Outer Pleta Naua","1 sigma"
12.2337258966667,0.443693661677262,"Outer Pleta Naua","1 sigma"
12.41107644,0.259947910432579,"Outer Pleta Naua","1 sigma"
12.5595915366667,0.366702846523574,"Outer Pleta Naua","1 sigma"
12.64160369,0.306514723394303,"Outer Pleta Naua","1 sigma"
12.52460031,0.458376766089943,"Outer Pleta Naua","1 sigma"
12.6825318633333,0.475662494747623,"Outer Pleta Naua","1 sigma"
12.61871279,0.442586355247747,"Outer Pleta Naua","1 sigma"
12.62766578,0.148658056002999,"Outer Pleta Naua","1 sigma"
12.6970669966667,0.268565502026586,"Outer Pleta Naua","1 sigma"
12.4404727166667,0.122905240029981,"Outer Pleta Naua","1 sigma"
12.6985629333333,0.207740476394468,"Outer Pleta Naua","1 sigma"
12.5460266833333,0.429255245475774,"Outer Pleta Naua","1 sigma"
12.83094924,0.0874724803799896,"Outer Pleta Naua","1 sigma"
12.67982777,0.307504046754434,"Outer Pleta Naua","1 sigma"
12.4959636333333,0.468429004032687,"Outer Pleta Naua","1 sigma"
12.5062413566667,0.387364387189428,"Outer Pleta Naua","1 sigma"
12.4778500766667,0.51639212782483,"Outer Pleta Naua","1 sigma"
12.0106668233333,0.313631147581817,"Outer Pleta Naua","1 sigma"
12.27070544,0.0554510552171441,"Outer Pleta Naua","1 sigma"
12.44754248,0.353732234587837,"Outer Pleta Naua","1 sigma"
12.44538382,0.162935338167872,"Outer Pleta Naua","1 sigma"
12.5454544533333,0.428747708571664,"Outer Pleta Naua","1 sigma"
12.7379852066667,0.287307175480662,"Outer Pleta Naua","1 sigma"
12.3256384166667,0.444698565108997,"Outer Pleta Naua","1 sigma"
12.15742243,0.428632173279316,"Outer Pleta Naua","1 sigma"
12.12435787,0.244590465631166,"Outer Pleta Naua","1 sigma"
12.29664312,0.424603973960827,"Outer Pleta Naua","1 sigma"
12.3442249566667,0.184698097699116,"Outer Pleta Naua","1 sigma"
12.51251367,0.338780964545953,"Outer Pleta Naua","1 sigma"
12.43745719,0.541541087777296,"Outer Pleta Naua","1 sigma"
12.4631602433333,0.296020462410765,"Outer Pleta Naua","1 sigma"
12.6960942266667,0.237788240335801,"Outer Pleta Naua","1 sigma"
12.3179987233333,0.100596734642077,"Outer Pleta Naua","1 sigma"
12.16339643,0.0516401872480448,"Outer Pleta Naua","1 sigma"
12.5357334633333,0.373917165327743,"Outer Pleta Naua","1 sigma"
12.55474017,0.23849289980173,"Outer Pleta Naua","1 sigma"
12.3051762633333,0.271613827763755,"Outer Pleta Naua","1 sigma"
12.3649641333333,0.343251863016613,"Outer Pleta Naua","1 sigma"
12.44583062,0.402326825487769,"Outer Pleta Naua","1 sigma"
12.2995945733333,0.0928687926920931,"Outer Pleta Naua","1 sigma"
12.43035742,0.574682594591596,"Outer Pleta Naua","1 sigma"
12.3125777666667,0.439144304058899,"Outer Pleta Naua","1 sigma"
12.50415008,0.151263467921738,"Outer Pleta Naua","1 sigma"
12.1871041266667,0.0629875874168791,"Outer Pleta Naua","1 sigma"
12.6232757633333,0.397774958268567,"Outer Pleta Naua","1 sigma"
12.5743242733333,0.354222777931623,"Outer Pleta Naua","1 sigma"
12.3757272066667,0.55299196497392,"Outer Pleta Naua","1 sigma"
12.49663661,0.0795546400724351,"Outer Pleta Naua","1 sigma"
12.3030921866667,0.416026782937132,"Outer Pleta Naua","1 sigma"
12.5734275733333,0.346137822022084,"Outer Pleta Naua","1 sigma"
12.1731463533333,0.154553177230399,"Outer Pleta Naua","1 sigma"
12.6345759766667,0.327194922645572,"Outer Pleta Naua","1 sigma"
12.4336861333333,0.411594653776953,"Outer Pleta Naua","1 sigma"
12.6066313666667,0.169986989818286,"Outer Pleta Naua","1 sigma"
12.56677102,0.377991363529579,"Outer Pleta Naua","1 sigma"
12.4379954833333,0.317833792414644,"Outer Pleta Naua","1 sigma"
12.3153489533333,0.184814247967917,"Outer Pleta Naua","1 sigma"
12.2863738533333,0.135968476143783,"Outer Pleta Naua","1 sigma"
12.4262893133333,0.358983306783876,"Outer Pleta Naua","1 sigma"
12.84086276,0.327671928961708,"Outer Pleta Naua","1 sigma"
12.49408487,0.287467607107708,"Outer Pleta Naua","1 sigma"
12.4401704833333,0.112506233978904,"Outer Pleta Naua","1 sigma"
12.7069818866667,0.248551714703339,"Outer Pleta Naua","1 sigma"
12.8707170033333,0.0347806469897856,"Outer Pleta Naua","1 sigma"
12.5664050966667,0.136487085604653,"Outer Pleta Naua","1 sigma"
12.20386356,0.13484476398372,"Outer Pleta Naua","1 sigma"
12.19608443,0.186525729571375,"Outer Pleta Naua","1 sigma"
12.60578144,0.171886884679896,"Outer Pleta Naua","1 sigma"
12.3944826166667,0.401767214756245,"Outer Pleta Naua","1 sigma"
12.7286889833333,0.46234448976345,"Outer Pleta Naua","1 sigma"
12.9037446433333,0.0953059939871093,"Outer Pleta Naua","1 sigma"
12.4262893133333,0.358983306783876,"Outer Pleta Naua","1 sigma"
12.20495178,0.112849802696984,"Outer Pleta Naua","1 sigma"
12.5751303466667,0.482019957360216,"Outer Pleta Naua","1 sigma"
12.20213001,0.35440676341079,"Outer Pleta Naua","1 sigma"
12.4072384166667,0.217632917827452,"Outer Pleta Naua","1 sigma"
12.51251367,0.338780964545953,"Outer Pleta Naua","1 sigma"
12.5730461933333,0.326936596353277,"Outer Pleta Naua","1 sigma"
12.2054459166667,0.202383240550523,"Outer Pleta Naua","1 sigma"
12.65060809,0.279309578441112,"Outer Pleta Naua","1 sigma"
12.5230454333333,0.0525865999485935,"Outer Pleta Naua","1 sigma"
12.5776692433333,0.200752563394526,"Outer Pleta Naua","1 sigma"
12.15739119,0.322793378449561,"Outer Pleta Naua","1 sigma"
12.1632243466667,0.131554578303749,"Outer Pleta Naua","1 sigma"
12.6324084566667,0.48541340873516,"Outer Pleta Naua","1 sigma"
12.56476345,0.375250498579312,"Outer Pleta Naua","1 sigma"
12.6742836933333,0.200910221299826,"Outer Pleta Naua","1 sigma"
12.3973563866667,0.301152894899875,"Outer Pleta Naua","1 sigma"
12.7222517133333,0.282309520998394,"Outer Pleta Naua","1 sigma"
12.59120733,0.246882133104462,"Outer Pleta Naua","1 sigma"
12.2888128633333,0.393730104052661,"Outer Pleta Naua","1 sigma"
12.2264364766667,0.302081447352738,"Outer Pleta Naua","1 sigma"
12.6761967866667,0.170739297990651,"Outer Pleta Naua","1 sigma"
12.4832824966667,0.0794374832550292,"Outer Pleta Naua","1 sigma"
12.4407191633333,0.100668045592914,"Outer Pleta Naua","1 sigma"
12.80520316,0.0982933839991747,"Outer Pleta Naua","1 sigma"
12.2583286866667,0.106049766347873,"Outer Pleta Naua","1 sigma"
12.34511716,0.199476540477303,"Outer Pleta Naua","1 sigma"
12.34509208,0.581767270934465,"Outer Pleta Naua","1 sigma"
12.5061538166667,0.250324285733223,"Outer Pleta Naua","1 sigma"
12.45445158,0.419316631407665,"Outer Pleta Naua","1 sigma"
12.65636878,0.401704346490925,"Outer Pleta Naua","1 sigma"
12.3786145433333,0.294196433035012,"Outer Pleta Naua","1 sigma"
12.4863682933333,0.583549668109478,"Outer Pleta Naua","1 sigma"
12.5511599533333,0.269457252286076,"Outer Pleta Naua","1 sigma"
12.8403854833333,0.0767081953340642,"Outer Pleta Naua","1 sigma"
12.7470758066667,0.27474222973879,"Outer Pleta Naua","1 sigma"
12.44140186,0.372731491297964,"Outer Pleta Naua","1 sigma"
12.6801209766667,0.140549379173277,"Outer Pleta Naua","1 sigma"
12.3348392533333,0.322643130997707,"Outer Pleta Naua","1 sigma"
12.3107405066667,0.152962007378395,"Outer Pleta Naua","1 sigma"
12.6332541166667,0.212370257633128,"Outer Pleta Naua","1 sigma"
12.3910926066667,0.222654049706598,"Outer Pleta Naua","1 sigma"
12.7450626733333,0.271632383478239,"Outer Pleta Naua","1 sigma"
12.18032156,0.390969939585151,"Outer Pleta Naua","1 sigma"
12.4423262366667,0.270042244499749,"Outer Pleta Naua","1 sigma"
12.6023394933333,0.162440861387587,"Outer Pleta Naua","1 sigma"
12.75295039,0.310797140288333,"Outer Pleta Naua","1 sigma"
12.5503229533333,0.273713339843105,"Outer Pleta Naua","1 sigma"
12.5257998533333,0.323402138651933,"Outer Pleta Naua","1 sigma"
12.4073703366667,0.320587190657324,"Outer Pleta Naua","1 sigma"
12.70851336,0.274972843718044,"Outer Pleta Naua","1 sigma"
12.4077496566667,0.340005572942218,"Outer Pleta Naua","1 sigma"
12.46629189,0.355546041212519,"Outer Pleta Naua","1 sigma"
12.90367669,0.00645755839930155,"Outer Pleta Naua","1 sigma"
12.37780271,0.408971079441592,"Outer Pleta Naua","1 sigma"
12.72980169,0.241230479246556,"Outer Pleta Naua","1 sigma"
12.5471139333333,0.319772057882305,"Outer Pleta Naua","1 sigma"
12.6495275066667,0.352217115497705,"Outer Pleta Naua","1 sigma"
12.49514047,0.384035848425387,"Outer Pleta Naua","1 sigma"
12.5223255866667,0.365967188847605,"Outer Pleta Naua","1 sigma"
12.3271196266667,0.411716914334511,"Outer Pleta Naua","1 sigma"
12.68371871,0.344539759645676,"Outer Pleta Naua","1 sigma"
12.50602331,0.398519423995648,"Outer Pleta Naua","1 sigma"
12.48154306,0.0406790749771575,"Outer Pleta Naua","1 sigma"
12.5195515166667,0.172382192880116,"Outer Pleta Naua","1 sigma"
12.5653392166667,0.376414623271308,"Outer Pleta Naua","1 sigma"
12.51634429,0.307926931870773,"Outer Pleta Naua","1 sigma"
12.6602800133333,0.475788742638276,"Outer Pleta Naua","1 sigma"
12.5208670233333,0.452246502197001,"Outer Pleta Naua","1 sigma"
12.5303484966667,0.42413241543323,"Outer Pleta Naua","1 sigma"
12.2849486066667,0.564470849058829,"Outer Pleta Naua","1 sigma"
12.92245291,0.132211745049478,"Outer Pleta Naua","1 sigma"
12.8418430566667,0.217643915628071,"Outer Pleta Naua","1 sigma"
12.48220138,0.405759228217314,"Outer Pleta Naua","1 sigma"
12.5045122433333,0.266690305291945,"Outer Pleta Naua","1 sigma"
12.43971072,0.374811660603866,"Outer Pleta Naua","1 sigma"
12.3348392533333,0.322643130997707,"Outer Pleta Naua","1 sigma"
12.2708834133333,0.163629301948706,"Outer Pleta Naua","1 sigma"
12.4510214833333,0.24312321308374,"Outer Pleta Naua","1 sigma"
12.70423156,0.275282930095199,"Outer Pleta Naua","1 sigma"
12.7533293266667,0.330038555610117,"Outer Pleta Naua","1 sigma"
12.1214119733333,0.394444652106685,"Outer Pleta Naua","1 sigma"
12.6108754966667,0.317615253315964,"Outer Pleta Naua","1 sigma"
12.5964542566667,0.0356183736272469,"Outer Pleta Naua","1 sigma"
