Soum d'Ech Outer,24.17261145,2.027934134,2.027934134,L-01
Soum d'Ech Outer,25.86145955,2.03530413,2.03530413,L-02
Soum d'Ech Outer,25.92487655,2.035608176,2.035608176,L-03
Soum d'Ech Outer,24.83302472,2.030648871,2.030648871,L-04
Soum d'Ech Outer,25.8395729,2.035199654,2.035199654,L-05
Soum d'Ech Outer,23.72126295,2.026202906,2.026202906,L-06
Soum d'Ech Outer,25.15618032,2.032055644,2.032055644,L-07
Soum d'Ech Outer,25.03048013,2.031502331,2.031502331,L-08
Soum d'Ech Outer,25.88220422,2.035403371,2.035403371,L-09
Soum d'Ech Outer,21.40570339,2.018915624,2.018915624,L-10
Soum d'Ech Inner,28.05928045,2.046983148,2.046983148,L-11
Soum d'Ech Inner,26.25378932,2.037216663,2.037216663,L-12
Soum d'Ech Inner,22.25475901,2.021276836,2.021276836,L-13
Soum d'Ech Inner,26.02537619,2.03609404,2.03609404,L-14
Soum d'Ech Inner,28.45330225,2.04932387,2.04932387,L-15
Soum d'Ech Inner,23.2962044,2.024664928,2.024664928,L-16
Soum d'Ech Outer,29.325443,2.054769301,2.054769301,L-17
Soum d'Ech Outer,26.43433555,2.038122049,2.038122049,L-18
Soum d'Ech Outer,27.19956969,2.042135628,2.042135628,L-19
Soum d'Ech Outer,25.52056548,2.033703509,2.033703509,L-20
Soum d'Ech Outer,28.81143158,2.051515964,2.051515964,L-21
Soum d'Ech Outer,23.48364595,2.02533208,2.02533208,L-22
Soum d'Ech Outer,15.29665549,2.012636059,2.012636059,L-23
Soum d'Ech Inner,23.09222828,2.023958778,2.023958778,L-24
Soum d'Ech Inner,25.88450979,2.035414414,2.035414414,L-25
Soum d'Ech Inner,24.07289791,2.02754298,2.02754298,L-26
Soum d'Ech Inner,27.83465393,2.045682153,2.045682153,L-27
Soum d'Ech Outer,23.64337712,2.02591438,2.02591438,L-28
Soum d'Ech Outer,24.40057688,2.028846873,2.028846873,L-29
Soum d'Ech Outer,27.59438231,2.044317472,2.044317472,L-30
Soum d'Ech Outer,24.95365017,2.031167967,2.031167967,L-31
Soum d'Ech Outer,25.44859015,2.033372845,2.033372845,L-32
Soum d'Ech Outer,24.05740704,2.027482654,2.027482654,L-33
Soum d'Ech Outer,24.33262076,2.028572098,2.028572098,L-34
Soum d'Ech Inner,28.22424634,2.047954066,2.047954066,L-35
Soum d'Ech Inner,26.48689012,2.038388582,2.038388582,L-36
Soum d'Ech Inner,21.70999847,2.019720358,2.019720358,L-37
Soum d'Ech Inner,25.9976294,2.035959405,2.035959405,L-38
Soum d'Ech Inner,26.80706268,2.040041409,2.040041409,L-39
Soum d'Ech Inner,26.09829418,2.036449653,2.036449653,L-40
Soum d'Ech Inner,17.63266325,2.012809359,2.012809359,L-41
Soum d'Ech Inner,20.94230905,2.01777937,2.01777937,L-42
Soum d'Ech Inner,27.35778839,2.043000931,2.043000931,L-43
Soum d'Ech Inner,24.09503711,2.027629402,2.027629402,L-44
Soum d'Ech Inner,28.42765746,2.049169257,2.049169257,L-45
Soum d'Ech Inner,23.24077769,2.024470997,2.024470997,L-46
Soum d'Ech Inner,22.88918571,2.023276429,2.023276429,L-47
Soum d'Ech Inner,24.82064255,2.030595992,2.030595992,L-48
Soum d'Ech Inner,25.65339772,2.034320431,2.034320431,L-49
Soum d'Ech Inner,26.27820743,2.037338182,2.037338182,L-50
Soum d'Ech Outer,23.80698557,2.026523943,2.026523943,L-51
Soum d'Ech Outer,26.27239237,2.037309216,2.037309216,L-52
Soum d'Ech Outer,24.7239554,2.03018568,2.03018568,L-53
Soum d'Ech Outer,23.33210568,2.024791358,2.024791358,L-54
Soum d'Ech Outer,25.55602483,2.033867349,2.033867349,L-55
Soum d'Ech Outer,12.47442938,2.016109662,2.016109662,L-56
Soum d'Ech Outer,28.01450597,2.046721883,2.046721883,L-57
Soum d'Ech Outer,21.54974809,2.019290777,2.019290777,L-58
Soum d'Ech Outer,26.4740377,2.038323276,2.038323276,L-59
Soum d'Ech Outer,19.06938049,2.014287697,2.014287697,L-60
Soum d'Ech Outer,18.45573852,2.013528588,2.013528588,L-61
Soum d'Ech Outer,18.13222334,2.013205013,2.013205013,L-62
Soum d'Ech Outer,20.14815445,2.016083042,2.016083042,L-63
Soum d'Ech Outer,30.13887784,2.060174391,2.060174391,L-64
Soum d'Ech Outer,22.74288098,2.022797489,2.022797489,L-65
Soum d'Ech Outer,23.65762769,2.025966946,2.025966946,L-66
Soum d'Ech Outer,28.31791884,2.048511204,2.048511204,L-67
Soum d'Ech Outer,27.25779516,2.042452655,2.042452655,L-68
Soum d'Ech Outer,26.25843935,2.037239782,2.037239782,L-69
Soum d'Ech Outer,28.67618022,2.050680881,2.050680881,L-70
Soum d'Ech Outer,13.14927255,2.014913135,2.014913135,L-71
Soum d'Ech Outer,26.40399904,2.037968809,2.037968809,L-72
Soum d'Ech Outer,25.121039,2.031900174,2.031900174,L-73
Soum d'Ech Outer,30.73670391,2.064346065,2.064346065,L-74
Soum d'Ech Outer,26.39816748,2.037939403,2.037939403,L-75
Soum d'Ech Outer,28.15503154,2.047545104,2.047545104,L-76
Soum d'Ech Outer,27.63873457,2.044567284,2.044567284,L-77
Soum d'Ech Outer,28.17566325,2.047666767,2.047666767,L-78
Soum d'Ech Outer,27.0087937,2.041108404,2.041108404,L-79
Soum d'Ech Outer,27.2435288,2.042374826,2.042374826,L-80
Soum d'Ech Outer,29.41273376,2.055334293,2.055334293,L-81
Soum d'Ech Outer,28.35446823,2.048729732,2.048729732,L-82
Soum d'Ech Outer,28.75974148,2.051195781,2.051195781,L-83
Soum d'Ech Outer,27.91543679,2.046147233,2.046147233,L-84
Soum d'Ech Outer,26.38417484,2.037868913,2.037868913,L-85
Soum d'Ech Inner,27.71435546,2.044995406,2.044995406,L-86
Soum d'Ech Inner,28.84715755,2.051738008,2.051738008,L-87
Soum d'Ech Inner,26.80706268,2.040041409,2.040041409,L-88
Soum d'Ech Inner,27.12126414,2.04171186,2.04171186,L-89
Soum d'Ech Inner,26.84592186,2.040245405,2.040245405,L-90
Soum d'Ech Inner,27.55845354,2.044115801,2.044115801,L-91
Soum d'Ech Inner,25.34141501,2.032885182,2.032885182,L-92
Soum d'Ech Inner,29.01879638,2.052813275,2.052813275,L-93
Soum d'Ech Inner,27.1615861,2.0419297,2.0419297,L-94
Soum d'Ech Inner,29.23086424,2.054161229,2.054161229,L-95
Soum d'Ech Inner,23.83669743,2.026636066,2.026636066,L-96
Soum d'Ech Inner,25.63963799,2.034256124,2.034256124,L-97
Soum d'Ech Outer,23.64776143,2.025930541,2.025930541,L-98
Soum d'Ech Outer,25.98260714,2.03588667,2.03588667,L-99
Soum d'Ech Inner,18.47426868,2.013548725,2.013548725,L-100
Tallada ,3.836257637,2.051445358,2.051445358,T-01
Tallada ,2.432898424,2.060616595,2.060616595,T-02
Tallada ,3.117641817,2.056024811,2.056024811,T-03
Tallada ,3.580312829,2.053048171,2.053048171,T-04
Tallada ,4.590953236,2.046901788,2.046901788,T-05
Tallada ,5.820542772,2.040087032,2.040087032,T-06
Tallada ,5.213785016,2.043358462,2.043358462,T-07
Tallada ,4.590953236,2.046901788,2.046901788,T-08
Tallada ,3.673149388,2.052463182,2.052463182,T-09
Tallada ,4.141681137,2.049573682,2.049573682,T-10
Tallada ,3.41744643,2.054084366,2.054084366,T-11
Tallada ,3.673149388,2.052463182,2.052463182,T-12
Tallada ,3.533619021,2.053343955,2.053343955,T-13
Tallada ,1.580236371,2.066643418,2.066643418,T-14
Tallada ,1.713747295,2.065677205,2.065677205,T-15
Tallada ,2.842474902,2.057843361,2.057843361,T-16
Tallada ,3.580312829,2.053048171,2.053048171,T-17
Tallada ,2.432898424,2.060616595,2.060616595,T-18
Tallada ,3.486974307,2.053640467,2.053640467,T-19
Tallada ,2.728095833,2.058609837,2.058609837,T-20
Tallada ,2.546517965,2.059839335,2.059839335,T-21
Tallada ,3.603329349,2.052902754,2.052902754,T-22
Tallada ,3.696214136,2.052318482,2.052318482,T-23
Tallada ,4.972810981,2.044707172,2.044707172,T-24
Tallada ,3.51063863,2.053489908,2.053489908,T-25
Tallada ,4.16499083,2.049432673,2.049432673,T-26
Tallada ,2.659746268,2.059070816,2.059070816,T-27
Tallada ,2.91110679,2.057386419,2.057386419,T-28
Tallada ,3.486974307,2.053640467,2.053640467,T-29
Tallada ,3.719990364,2.052169585,2.052169585,T-30
Tallada ,3.071432199,2.056327696,2.056327696,T-31
Tallada ,3.325142868,2.054677234,2.054677234,T-32
Tallada ,1.825537564,2.064874604,2.064874604,T-33
Tallada ,2.796550865,2.058150363,2.058150363,T-34
Tallada ,6.287234014,2.037692507,2.037692507,T-35
Tallada ,3.325142868,2.054677234,2.054677234,T-36
Tallada ,4.448510847,2.047738417,2.047738417,T-37
Tallada ,3.048689917,2.056477135,2.056477135,T-38
Tallada ,1.981980611,2.063761254,2.063761254,T-39
Tallada ,3.025959288,2.056626742,2.056626742,T-40
Tallada ,3.117641817,2.056024811,2.056024811,T-41
Tallada ,5.044821716,2.044301195,2.044301195,T-42
Tallada ,2.957149627,2.057081123,2.057081123,T-43
Tallada ,4.141681137,2.049573682,2.049573682,T-44
Tallada ,3.650096625,2.05260806,2.05260806,T-45
Tallada ,3.140419483,2.055875886,2.055875886,T-46
Tallada ,5.286188283,2.042958713,2.042958713,T-47
Tallada ,5.601065195,2.041249765,2.041249765,T-48
Tallada ,3.025959288,2.056626742,2.056626742,T-49
Tallada ,4.519674872,2.047319218,2.047319218,T-50
Tallada ,4.000671709,2.050432257,2.050432257,T-51
Tallada ,4.471982358,2.047599887,2.047599887,T-52
Tallada ,4.000671709,2.050432257,2.050432257,T-53
Tallada ,3.696214136,2.052318482,2.052318482,T-54
Tallada ,4.638773889,2.046623104,2.046623104,T-55
Tallada ,2.751358695,2.058453447,2.058453447,T-56
Tallada ,4.685931253,2.046349364,2.046349364,T-57
Tallada ,3.803307655,2.051649947,2.051649947,T-58
Tallada ,3.348027348,2.054529868,2.054529868,T-59
Tallada ,2.713049891,2.058711124,2.058711124,T-60
Tallada ,3.050067905,2.056468073,2.056468073,T-61
Tallada ,2.659063304,2.059075433,2.059075433,T-62
Tallada ,2.771894884,2.0583156,2.0583156,T-63
Tallada ,3.282179682,2.05495457,2.05495457,T-64
Tallada ,4.048564644,2.050139579,2.050139579,T-65
Tallada ,3.034912388,2.056567785,2.056567785,T-66
Tallada ,2.783536278,2.058237547,2.058237547,T-67
Tallada ,1.139839575,2.069889579,2.069889579,T-68
Tallada ,2.485249726,2.060257708,2.060257708,T-69
Tallada ,5.058516979,2.044224268,2.044224268,T-70
Arànser Left ,15.99404162,2.012398441,2.012398441,ARL-01
Arànser Left ,17.71505413,2.012865917,2.012865917,ARL-02
Arànser Left ,17.04600129,2.012505987,2.012505987,ARL-03
Arànser Left ,18.6081105,2.013699321,2.013699321,ARL-04
Arànser Left ,15.86140928,2.012424667,2.012424667,ARL-05
Arànser Left ,18.14965047,2.013221094,2.013221094,ARL-06
Arànser Left ,12.12898051,2.016810943,2.016810943,ARL-07
Arànser Left ,17.85431641,2.012969325,2.012969325,ARL-08
Arànser Left ,19.08223479,2.014305633,2.014305633,ARL-09
Arànser Left ,19.87548835,2.015573839,2.015573839,ARL-10
Arànser Left ,16.51830358,2.012381984,2.012381984,ARL-11
Arànser Left ,17.58578795,2.012778715,2.012778715,ARL-12
Arànser Left ,16.01618562,2.01239493,2.01239493,ARL-13
Arànser Left ,22.80736771,2.023007276,2.023007276,ARL-14
Arànser Left ,24.33262076,2.028572098,2.028572098,ARL-15
Arànser Left ,23.48583017,2.025339957,2.025339957,ARL-16
Arànser Left ,24.25254396,2.028251246,2.028251246,ARL-17
Arànser Left ,22.36537038,2.021610999,2.021610999,ARL-18
Arànser Left ,23.91271824,2.026924938,2.026924938,ARL-19
Arànser Left ,22.93015137,2.023412446,2.023412446,ARL-20
Arànser Left ,21.89611122,2.020235413,2.020235413,ARL-21
Arànser Left ,22.42291217,2.021787254,2.021787254,ARL-22
Arànser Left ,20.23535674,2.016253796,2.016253796,ARL-23
Arànser Left ,21.60624097,2.019440748,2.019440748,ARL-24
Arànser Left ,19.32618239,2.014661832,2.014661832,ARL-25
Arànser Left ,23.05111276,2.023818946,2.023818946,ARL-26
Arànser Left ,23.0846515,2.023932946,2.023932946,ARL-27
Arànser Left ,14.3079922,2.013394824,2.013394824,ARL-28
Arànser Left ,23.73004739,2.026235637,2.026235637,ARL-29
Arànser Left ,15.86600793,2.012423609,2.012423609,ARL-30
Arànser Left ,21.93406041,2.020342563,2.020342563,ARL-31
Arànser Left ,5.150890152,2.043707772,2.043707772,ARL-32
Arànser Left ,6.619775984,2.036051086,2.036051086,ARL-33
Arànser Left ,20.95056006,2.017798658,2.017798658,ARL-34
Arànser Left ,21.49959252,2.01915897,2.01915897,ARL-35
Arànser Left ,9.328584442,2.024705425,2.024705425,ARL-36
Arànser Left ,20.18869233,2.016161945,2.016161945,ARL-37
Arànser Left ,22.9398593,2.023444801,2.023444801,ARL-38
Arànser Left ,23.26141877,2.024543039,2.024543039,ARL-39
Arànser Left ,24.09946628,2.027646721,2.027646721,ARL-40
Arànser Left ,23.39963524,2.025030905,2.025030905,ARL-41
Arànser Left ,20.78480299,2.017417718,2.017417718,ARL-42
Arànser Left ,21.92562445,2.020318682,2.020318682,ARL-43
Arànser Left ,22.20486152,2.021128094,2.021128094,ARL-44
Arànser Left ,22.77188841,2.022891599,2.022891599,ARL-45
Arànser Left ,8.351207879,2.028381311,2.028381311,ARL-46
Arànser Left ,23.67078612,2.026015572,2.026015572,ARL-47
Arànser Left ,10.11497864,2.022092545,2.022092545,ARL-48
Arànser Left ,25.22995422,2.032384005,2.032384005,ARL-49
Arànser Left ,17.26283699,2.012597817,2.012597817,ARL-50
Arànser Left ,9.916667217,2.022722393,2.022722393,ARL-51
Arànser Left ,23.43452947,2.025155574,2.025155574,ARL-52
Arànser Left ,22.06925434,2.020730144,2.020730144,ARL-53
Arànser Left ,22.59812763,2.022334131,2.022334131,ARL-54
Arànser Left ,21.56857106,2.019340568,2.019340568,ARL-55
Arànser Left ,22.87841156,2.023240795,2.023240795,ARL-56
Arànser Left ,22.02062158,2.020589668,2.020589668,ARL-57
Arànser Left ,21.52361833,2.019221952,2.019221952,ARL-58
Arànser Left ,25.15618032,2.032055644,2.032055644,ARL-59
Arànser Left ,24.18037635,2.027964801,2.027964801,ARL-60
Arànser Left ,17.44831792,2.012695258,2.012695258,ARL-61
Arànser Left ,23.76520258,2.026367008,2.026367008,ARL-62
Arànser Left ,22.99923177,2.023643703,2.023643703,ARL-63
Arànser Left ,23.54047059,2.025537782,2.025537782,ARL-64
Arànser Left ,23.13554898,2.024107019,2.024107019,ARL-65
Arànser Left ,15.49870177,2.012541878,2.012541878,ARL-66
Arànser Left ,23.78608916,2.026445349,2.026445349,ARL-67
Arànser Left ,24.07732486,2.027560241,2.027560241,ARL-68
Arànser Left ,23.55906367,2.025605436,2.025605436,ARL-69
Arànser Left ,22.9398593,2.023444801,2.023444801,ARL-70
Arànser Left ,25.07800049,2.031710594,2.031710594,ARL-71
Arànser Left ,23.80588552,2.0265198,2.0265198,ARL-72
Arànser Left ,23.39963524,2.025030905,2.025030905,ARL-73
Arànser Left ,24.13159097,2.027772624,2.027772624,ARL-74
Arànser Left ,23.64885757,2.025934583,2.025934583,ARL-75
Arànser Left ,10.94601339,2.019666845,2.019666845,ARL-76
Arànser Left ,16.7616542,2.012421648,2.012421648,ARL-77
Arànser Left ,23.52844392,2.025494113,2.025494113,ARL-78
Arànser Left ,22.2632578,2.021302295,2.021302295,ARL-79
Arànser Left ,23.19409911,2.024308859,2.024308859,ARL-80
Arànser Left ,22.72140621,2.022728087,2.022728087,ARL-81
Arànser Left ,8.125059839,2.029299248,2.029299248,ARL-82
Arànser Left ,21.12625789,2.018217514,2.018217514,ARL-83
Arànser Left ,14.20509936,2.0135022,2.0135022,ARL-84
Arànser Left ,18.56019367,2.013644365,2.013644365,ARL-85
Arànser Left ,22.77618742,2.022905582,2.022905582,ARL-86
Arànser Left ,16.82082139,2.012435824,2.012435824,ARL-87
Arànser Left ,7.897753024,2.030247342,2.030247342,ARL-88
Arànser Left ,23.19952433,2.024327648,2.024327648,ARL-89
Arànser Left ,23.81798764,2.02656541,2.02656541,ARL-90
Arànser Left ,6.39557563,2.037151804,2.037151804,ARL-91
Arànser Left ,13.29659111,2.014682475,2.014682475,ARL-92
Arànser Left ,12.57252717,2.015921473,2.015921473,ARL-93
Arànser Left ,10.80382342,2.02005738,2.02005738,ARL-94
Arànser Left ,12.68025786,2.015720389,2.015720389,ARL-95
Arànser Left ,11.76942466,2.017604629,2.017604629,ARL-96
Arànser Left ,2.607870934,2.059422159,2.059422159,ARL-97
Arànser Left ,9.223140714,2.025079181,2.025079181,ARL-98
Arànser Left ,15.60007103,2.012502412,2.012502412,ARL-99
Arànser Left ,23.78389011,2.02643709,2.02643709,ARL-100
Arànser Left ,22.47305565,2.021942195,2.021942195,ARL-101
Arànser Left ,21.9372243,2.020351529,2.020351529,ARL-102
Arànser Left ,18.10899782,2.013183819,2.013183819,ARL-103
Arànser Left ,23.47600204,2.025304532,2.025304532,ARL-104
Arànser Left ,11.59783408,2.018006304,2.018006304,ARL-105
Arànser Left ,15.66869514,2.012478649,2.012478649,ARL-106
Arànser Left ,12.23987592,2.016579273,2.016579273,ARL-107
Arànser Left ,24.05187589,2.027461143,2.027461143,ARL-108
Arànser Left ,12.60413525,2.015861869,2.015861869,ARL-109
Arànser Left ,22.94741139,2.023470004,2.023470004,ARL-110
Arànser Left ,7.257571695,2.033054361,2.033054361,ARL-111
Arànser Left ,24.78689054,2.030452235,2.030452235,ARL-112
Arànser Left ,22.54035828,2.02215213,2.02215213,ARL-113
Arànser Left ,22.46451659,2.021915721,2.021915721,ARL-114
Arànser Left ,10.18532591,2.021873834,2.021873834,ARL-115
Arànser Left ,12.72308074,2.015642083,2.015642083,ARL-116
Arànser Left ,15.23495109,2.012668941,2.012668941,ARL-117
Arànser Left ,24.72957098,2.030209385,2.030209385,ARL-118
Arànser Left ,24.312588,2.028491533,2.028491533,ARL-119
Arànser Left ,10.63265043,2.020540947,2.020540947,ARL-120
Arànser Left ,10.62856346,2.020552672,2.020552672,ARL-121
Arànser Left ,11.34459343,2.018626126,2.018626126,ARL-122
Arànser Left ,24.22366283,2.028136303,2.028136303,ARL-123
Arànser Left ,23.0803225,2.0239182,2.0239182,ARL-124
Arànser Left ,22.53501307,2.022135374,2.022135374,ARL-125
Arànser Left ,23.29185471,2.024649654,2.024649654,ARL-126
Arànser Left ,11.4951974,2.018253634,2.018253634,ARL-127
Arànser Left ,24.39500279,2.028824248,2.028824248,ARL-128
Arànser Left ,22.27069557,2.021324604,2.021324604,ARL-129
Arànser Left ,23.35170045,2.024860633,2.024860633,ARL-130
Arànser Left ,22.44210936,2.021846424,2.021846424,ARL-131
Arànser Left ,24.38051343,2.028765511,2.028765511,ARL-132
Arànser Left ,23.45198688,2.025218172,2.025218172,ARL-133
Arànser Left ,15.6970908,2.012469514,2.012469514,ARL-134
Arànser Left ,22.64525464,2.022483838,2.022483838,ARL-135
Arànser Left ,24.33039445,2.028563135,2.028563135,ARL-136
Arànser Left ,23.91492369,2.026933361,2.026933361,ARL-137
Arànser Left ,23.14205074,2.024129349,2.024129349,ARL-138
Arànser Left ,15.89545059,2.012417086,2.012417086,ARL-139
Arànser Left ,23.61160389,2.025797541,2.025797541,ARL-140
Arànser Left ,23.79158726,2.026466007,2.026466007,ARL-141
Arànser Left ,24.42064942,2.028928471,2.028928471,ARL-142
Arànser Left ,22.47305565,2.021942195,2.021942195,ARL-143
Arànser Left ,24.04192157,2.027422469,2.027422469,ARL-144
Arànser Left ,22.57565283,2.022263127,2.022263127,ARL-145
Arànser Left ,23.48036983,2.02532027,2.02532027,ARL-146
Arànser Left ,24.06957798,2.027530041,2.027530041,ARL-147
Arànser Left ,23.07166576,2.023888741,2.023888741,ARL-148
Arànser Left ,23.06733802,2.023874027,2.023874027,ARL-149
Arànser Left ,24.20811923,2.028074612,2.028074612,ARL-150
Arànser Left ,16.071594,2.012387234,2.012387234,ARL-151
Arànser Left ,22.01533862,2.02057448,2.02057448,ARL-152
Arànser Left ,11.77277938,2.017596923,2.017596923,ARL-153
Arànser Left ,18.62083182,2.013714106,2.013714106,ARL-154
Arànser Left ,18.16127235,2.013231904,2.013231904,ARL-155
Arànser Left ,14.37731318,2.013325501,2.013325501,ARL-156
Arànser Left ,23.26033215,2.024539241,2.024539241,ARL-157
Arànser Left ,23.07707602,2.023907148,2.023907148,ARL-158
Arànser Left ,8.070245582,2.029525544,2.029525544,ARL-159
Arànser Left ,23.54375116,2.025549707,2.025549707,ARL-160
Arànser Left ,22.88487574,2.023262168,2.023262168,ARL-161
Arànser Left ,18.79047142,2.013919084,2.013919084,ARL-162
Arànser Left ,22.94741139,2.023470004,2.023470004,ARL-163
Arànser Left ,16.02910805,2.012392996,2.012392996,ARL-164
Arànser Left ,17.44450538,2.01269308,2.01269308,ARL-165
Arànser Left ,18.08965251,2.013166375,2.013166375,ARL-166
Arànser Left ,23.55687585,2.025597467,2.025597467,ARL-167
Arànser Left ,14.12808605,2.013586071,2.013586071,ARL-168
Arànser Left ,16.01064858,2.012395785,2.012395785,ARL-169
Arànser Left ,23.43562035,2.025159481,2.025159481,ARL-170
Arànser Left ,23.24838118,2.02449751,2.02449751,ARL-171
Arànser Left ,22.23351918,2.021213369,2.021213369,ARL-172
Arànser Left ,23.60941348,2.025789505,2.025789505,ARL-173
Arànser Left ,23.45853518,2.025241692,2.025241692,ARL-174
Arànser Left ,20.33086734,2.016445213,2.016445213,ARL-175
Arànser Left ,24.41953404,2.028923931,2.028923931,ARL-176
Arànser Left ,22.39519755,2.021702155,2.021702155,ARL-177
Arànser Left ,23.04138045,2.023785971,2.023785971,ARL-178
Arànser Left ,7.693020386,2.031123093,2.031123093,ARL-179
Arànser Left ,13.61280673,2.014224362,2.014224362,ARL-180
Arànser Left ,24.36491479,2.028702392,2.028702392,ARL-181
Arànser Left ,11.44937966,2.018365751,2.018365751,ARL-182
Arànser Left ,13.78009957,2.014002424,2.014002424,ARL-183
Arànser Left ,4.731707528,2.046084666,2.046084666,ARL-184
Arànser Left ,22.01005629,2.020559307,2.020559307,ARL-185
Arànser Left ,13.0360834,2.015097797,2.015097797,ARL-186
Arànser Left ,6.645172309,2.035927951,2.035927951,ARL-187
Arànser Left ,15.39119325,2.012589418,2.012589418,ARL-188
Arànser Left ,6.891673011,2.034749184,2.034749184,ARL-189
Arànser Left ,22.92907284,2.023408854,2.023408854,ARL-190
Arànser Left ,5.365242672,2.04252514,2.04252514,ARL-191
Arànser Left (NA),1.966513171,2.063870819,2.063870819,ARL-192
Arànser Left ,24.13602379,2.027790037,2.027790037,ARL-193
Arànser Left ,7.848592372,2.030455743,2.030455743,ARL-194
Arànser Left ,15.83015109,2.012432145,2.012432145,ARL-195
Arànser Left ,14.15197243,2.013559737,2.013559737,ARL-196
Arànser Left ,23.49238347,2.025363605,2.025363605,ARL-197
Arànser Left ,23.74652292,2.026297128,2.026297128,ARL-198
Arànser Left ,11.1390677,2.019152821,2.019152821,ARL-199
Arànser Left ,23.11496637,2.02403647,2.02403647,ARL-200
Arànser Left ,22.85579436,2.02316618,2.02316618,ARL-201
Arànser Left ,21.91719009,2.020294841,2.020294841,ARL-202
Arànser Left ,13.74238172,2.014051228,2.014051228,ARL-203
Arànser Left ,6.487055527,2.036699715,2.036699715,ARL-204
Arànser Left ,7.941582642,2.030062545,2.030062545,ARL-205
Arànser Left ,21.09209737,2.018134863,2.018134863,ARL-206
Arànser Left ,23.45744373,2.02523777,2.02523777,ARL-207
Arànser Left ,21.47036127,2.019082734,2.019082734,ARL-208
Arànser Left ,13.60406529,2.014236348,2.014236348,ARL-209
Arànser Left ,24.45524008,2.029069555,2.029069555,ARL-210
Arànser Left ,13.36087115,2.014585262,2.014585262,ARL-211
Arànser Left ,17.3198255,2.012625902,2.012625902,ARL-212
Arànser Left ,23.65982049,2.025975043,2.025975043,ARL-213
Arànser Left ,17.73231812,2.012878203,2.012878203,ARL-214
Arànser Left ,24.25032167,2.028242387,2.028242387,ARL-215
Arànser Left ,23.64995374,2.025938626,2.025938626,ARL-216
Arànser Left ,24.69476584,2.030062714,2.030062714,ARL-217
Arànser Left ,24.01538763,2.027319618,2.027319618,ARL-218
Arànser Left ,23.05111276,2.023818946,2.023818946,ARL-219
Arànser Left ,24.08285918,2.027581835,2.027581835,ARL-220
Arànser Left ,23.48473805,2.025336019,2.025336019,ARL-221
Arànser Left ,21.92035279,2.020303776,2.020303776,ARL-222
Arànser Left ,13.9427408,2.013800212,2.013800212,ARL-223
Arànser Left ,16.57714688,2.012388826,2.012388826,ARL-224
Arànser Left ,20.093487,2.015977949,2.015977949,ARL-225
Arànser Left ,16.10024881,2.012383864,2.012383864,ARL-226
Arànser Left ,9.07846493,2.025600991,2.025600991,ARL-227
Arànser Left ,24.0187035,2.027332452,2.027332452,ARL-228
Arànser Left ,23.64337712,2.02591438,2.02591438,ARL-229
Arànser Left ,23.05003129,2.02381528,2.02381528,ARL-230
Arànser Left ,7.439757271,2.032234999,2.032234999,ARL-231
Arànser Left ,22.82458002,2.023063622,2.023063622,ARL-232
Arànser Left ,11.02428887,2.019456178,2.019456178,ARL-233
Arànser Left ,22.85364094,2.023159089,2.023159089,ARL-234
Arànser Left ,5.240560454,2.043210335,2.043210335,ARL-235
Arànser Left ,7.525796064,2.031853721,2.031853721,ARL-236
Arànser Left ,17.8822214,2.012991226,2.012991226,ARL-237
Arànser Left ,20.91344257,2.017712156,2.017712156,ARL-238
Arànser Left ,7.4648664,2.032123352,2.032123352,ARL-239
Arànser Left ,24.27810834,2.028353333,2.028353333,ARL-240
Arànser Left ,22.54035828,2.02215213,2.02215213,ARL-241
Arànser Left ,21.32137272,2.018700822,2.018700822,ARL-242
Arànser Left ,21.99315706,2.02051086,2.02051086,ARL-243
Arànser Left ,24.00212661,2.027268347,2.027268347,ARL-244
Arànser Left ,23.88736349,2.026828274,2.026828274,ARL-245
Arànser Left ,12.57167321,2.01592309,2.01592309,ARL-246
Arànser Left ,23.8422018,2.026656886,2.026656886,ARL-247
Arànser Left ,18.27086136,2.013337195,2.013337195,ARL-248
Arànser Left ,23.02300303,2.023723831,2.023723831,ARL-249
Arànser Left ,23.2386055,2.024463428,2.024463428,ARL-250
Arànser Left ,13.96652757,2.013771759,2.013771759,ARL-251
Arànser Left ,13.57697779,2.014273733,2.014273733,ARL-252
Arànser Left ,15.51056188,2.012536992,2.012536992,ARL-253
Arànser Left ,12.3722972,2.016310741,2.016310741,ARL-254
Arànser Left ,21.52570814,2.019227444,2.019227444,ARL-255
Arànser Left ,17.98147436,2.013072316,2.013072316,ARL-256
Arànser Left ,16.56219516,2.012386921,2.012386921,ARL-257
Arànser Left ,22.8461048,2.023134292,2.023134292,ARL-258
Arànser Left ,15.8319892,2.012431692,2.012431692,ARL-259
Arànser Left ,23.87303895,2.026773803,2.026773803,ARL-260
Arànser Left ,22.68921354,2.022624479,2.022624479,ARL-261
Arànser Left ,23.64447316,2.025918419,2.025918419,ARL-262
Arànser Left ,23.49019893,2.02535572,2.02535572,ARL-263
Arànser Left ,22.49868271,2.022021866,2.022021866,ARL-264
Arànser Left ,2.10793819,2.062873209,2.062873209,ARL-265
Arànser Left ,11.1374141,2.019157144,2.019157144,ARL-266
Arànser Left ,18.27280343,2.013339116,2.013339116,ARL-267
Arànser Left ,18.27086136,2.013337195,2.013337195,ARL-268
Arànser Left ,18.86323257,2.014011458,2.014011458,ARL-269
Arànser Left ,22.22396457,2.021184892,2.021184892,ARL-270
Arànser Left ,21.50690335,2.019178104,2.019178104,ARL-271
Arànser Left ,22.79876406,2.022979167,2.022979167,ARL-272
Arànser Left ,22.94201691,2.023451998,2.023451998,ARL-273
Arànser Left ,23.38001929,2.024961088,2.024961088,ARL-274
Arànser Left ,21.42238027,2.018958526,2.018958526,ARL-275
Outer Pleta Naua ,12.63747627,2.015799543,2.015799543,OPN-01
Outer Pleta Naua ,13.051619,2.015072069,2.015072069,OPN-02
Outer Pleta Naua ,12.59131845,2.015885977,2.015885977,OPN-03
Outer Pleta Naua ,12.80026624,2.015503275,2.015503275,OPN-04
Outer Pleta Naua ,12.08419307,2.016906262,2.016906262,OPN-05
Outer Pleta Naua ,12.92834707,2.015279567,2.015279567,OPN-06
Outer Pleta Naua ,12.46846521,2.01612126,2.01612126,OPN-07
Outer Pleta Naua ,12.91027301,2.015310634,2.015310634,OPN-08
Outer Pleta Naua ,12.02173521,2.017040873,2.017040873,OPN-09
Outer Pleta Naua ,12.86297105,2.01539272,2.01539272,OPN-10
Outer Pleta Naua ,12.4343996,2.016187848,2.016187848,OPN-11
Outer Pleta Naua ,12.84578283,2.015422828,2.015422828,OPN-12
Outer Pleta Naua ,12.33066075,2.016394223,2.016394223,OPN-13
Outer Pleta Naua ,12.05042115,2.016978805,2.016978805,OPN-14
Outer Pleta Naua ,12.57338115,2.015919856,2.015919856,OPN-15
Outer Pleta Naua ,12.20429147,2.016652938,2.016652938,OPN-16
Outer Pleta Naua ,12.52814304,2.016006018,2.016006018,OPN-17
Outer Pleta Naua ,12.33151008,2.016392511,2.016392511,OPN-18
Outer Pleta Naua ,12.30773489,2.016440562,2.016440562,OPN-19
Outer Pleta Naua ,12.80541672,2.01549412,2.01549412,OPN-20
Outer Pleta Naua ,12.40631514,2.016243183,2.016243183,OPN-21
Outer Pleta Naua ,12.90338959,2.015322509,2.015322509,OPN-22
Outer Pleta Naua ,12.59131845,2.015885977,2.015885977,OPN-23
Outer Pleta Naua ,12.13659042,2.016794848,2.016794848,OPN-24
Outer Pleta Naua ,12.71793981,2.015651435,2.015651435,OPN-25
Outer Pleta Naua ,12.4633537,2.016131214,2.016131214,OPN-26
Outer Pleta Naua ,12.55630475,2.015952259,2.015952259,OPN-27
Outer Pleta Naua ,12.13067149,2.016807364,2.016807364,OPN-28
Outer Pleta Naua ,12.4233339,2.016209603,2.016209603,OPN-29
Outer Pleta Naua ,12.3722972,2.016310741,2.016310741,OPN-30
Outer Pleta Naua ,12.57850535,2.015910161,2.015910161,OPN-31
Outer Pleta Naua ,12.84492359,2.015424337,2.015424337,OPN-32
Outer Pleta Naua ,12.30349067,2.016449169,2.016449169,OPN-33
Outer Pleta Naua ,12.19497644,2.016672326,2.016672326,OPN-34
Outer Pleta Naua ,12.25767886,2.016542657,2.016542657,OPN-35
Outer Pleta Naua ,12.89736747,2.015332918,2.015332918,OPN-36
Outer Pleta Naua ,11.81305581,2.017504852,2.017504852,OPN-37
Outer Pleta Naua ,11.84664746,2.017428686,2.017428686,OPN-38
Outer Pleta Naua ,12.22292738,2.016614279,2.016614279,OPN-39
Outer Pleta Naua ,11.94420731,2.017210693,2.017210693,OPN-40
Outer Pleta Naua ,12.20598532,2.016649417,2.016649417,OPN-41
Outer Pleta Naua ,12.5554511,2.015953883,2.015953883,OPN-42
Outer Pleta Naua ,12.93781737,2.015263354,2.015263354,OPN-43
Outer Pleta Naua ,12.79854955,2.01550633,2.01550633,OPN-44
Outer Pleta Naua ,12.77538069,2.015547701,2.015547701,OPN-45
Outer Pleta Naua ,12.98433731,2.015184371,2.015184371,OPN-46
Outer Pleta Naua ,12.75908393,2.015576963,2.015576963,OPN-47
Outer Pleta Naua ,12.131517,2.016805575,2.016805575,OPN-48
Outer Pleta Naua ,12.45313244,2.016151159,2.016151159,OPN-49
Outer Pleta Naua ,13.00761558,2.015145258,2.015145258,OPN-50
Outer Pleta Naua ,12.55032956,2.015963632,2.015963632,OPN-51
Outer Pleta Naua ,12.78739266,2.015526218,2.015526218,OPN-52
Outer Pleta Naua ,12.70680317,2.015671739,2.015671739,OPN-53
Outer Pleta Naua ,12.1670431,2.01673073,2.01673073,OPN-54
Outer Pleta Naua ,12.94987341,2.01524278,2.01524278,OPN-55
Outer Pleta Naua ,12.60840834,2.01585385,2.01585385,OPN-56
Outer Pleta Naua ,12.52728994,2.016007653,2.016007653,OPN-57
Outer Pleta Naua ,12.21869126,2.016623051,2.016623051,OPN-58
Outer Pleta Naua ,12.85695441,2.015403242,2.015403242,OPN-59
Outer Pleta Naua ,13.0067532,2.015146702,2.015146702,OPN-60
Arànser Right ,16.48315937,2.012378734,2.012378734,Sal-01
Arànser Right ,18.87832414,2.014030952,2.014030952,Sal-02
Arànser Right ,19.87381042,2.015570822,2.015570822,Sal-03
Arànser Right ,16.48315937,2.012378734,2.012378734,Sal-04
Arànser Right ,15.25671932,2.012657121,2.012657121,Sal-05
Arànser Right ,19.406469,2.014785633,2.014785633,Sal-06
Arànser Right ,16.60768899,2.012393068,2.012393068,Sal-07
Arànser Right ,16.35897834,2.012372262,2.012372262,Sal-08
Arànser Right ,19.17463158,2.014437011,2.014437011,Sal-09
Arànser Right ,20.92649889,2.017742505,2.017742505,Sal-10
Arànser Right ,16.45208151,2.012376382,2.012376382,ARR-01
Arànser Right ,22.57172983,2.022250759,2.022250759,ARR-02
Arànser Right ,15.49930991,2.012541626,2.012541626,ARR-03
Arànser Right ,10.31120482,2.021488643,2.021488643,ARR-04
Arànser Right ,21.27147453,2.018575403,2.018575403,ARR-05
Arànser Right ,12.33122697,2.016393082,2.016393082,ARR-06
Arànser Right ,17.74447088,2.012886942,2.012886942,ARR-07
Arànser Right ,22.50046292,2.022027412,2.022027412,ARR-08
Arànser Right ,20.48200394,2.016757494,2.016757494,ARR-09
Arànser Right ,14.68582812,2.013046458,2.013046458,ARR-10
Arànser Right ,17.87259701,2.012983627,2.012983627,ARR-11
Arànser Right ,13.82839011,2.013940989,2.013940989,ARR-12
Arànser Right ,20.58418512,2.016975135,2.016975135,ARR-13
Arànser Right ,13.74062818,2.014053514,2.014053514,ARR-14
Arànser Right ,22.3227949,2.021481653,2.021481653,ARR-15
Arànser Right ,23.87450792,2.026779384,2.026779384,ARR-16
Arànser Right ,19.17463158,2.014437011,2.014437011,ARR-17
Arànser Right ,9.321441241,2.02473057,2.02473057,ARR-18
Arànser Right ,20.82352714,2.017505477,2.017505477,ARR-19
Arànser Right ,23.32702697,2.024773434,2.024773434,ARR-20
Arànser Right ,18.03327681,2.013116618,2.013116618,ARR-21
Arànser Right ,22.46487234,2.021916823,2.021916823,ARR-22
Arànser Right ,22.07524902,2.020747542,2.020747542,ARR-23
Arànser Right ,16.42102541,2.012374519,2.012374519,ARR-24
Arànser Right ,15.80442558,2.012438671,2.012438671,ARR-25
Arànser Right ,19.406469,2.014785633,2.014785633,ARR-26
Arànser Right ,19.27384216,2.014582876,2.014582876,ARR-27
Arànser Right ,20.48200394,2.016757494,2.016757494,ARR-28
Arànser Right ,20.92649889,2.017742505,2.017742505,ARR-29
Arànser Right ,22.28734653,2.02137465,2.02137465,ARR-30
Arànser Right ,14.06327429,2.013658978,2.013658978,ARR-31
Arànser Right ,4.917921347,2.045018307,2.045018307,ARR-32
Arànser Right ,21.7239911,2.019758478,2.019758478,ARR-33
Arànser Right ,21.41021942,2.018927228,2.018927228,ARR-34
Arànser Right ,17.77646773,2.012910309,2.012910309,ARR-35
Arànser Right ,21.20226446,2.018403514,2.018403514,ARR-36
Arànser Right ,22.25192645,2.021268359,2.021268359,ARR-37
Arànser Right ,9.586774826,2.023813592,2.023813592,ARR-38
Arànser Right ,22.57172983,2.022250759,2.022250759,ARR-39
Arànser Right ,23.58167753,2.025687952,2.025687952,ARR-40
Arànser Right ,7.941069762,2.030064702,2.030064702,ARR-41
Arànser Right ,21.236856,2.018489125,2.018489125,ARR-42
Arànser Right ,22.00477459,2.02054415,2.02054415,ARR-43
Arànser Right ,22.03999781,2.020645495,2.020645495,ARR-44
Arànser Right ,18.55139824,2.013634404,2.013634404,ARR-45
Arànser Right ,16.73256913,2.012415329,2.012415329,ARR-46
Arànser Right ,22.50046292,2.022027412,2.022027412,ARR-47
Arànser Right ,22.07524902,2.020747542,2.020747542,ARR-48
Arànser Right ,22.82206948,2.023055394,2.023055394,ARR-49
Arànser Right ,22.46487234,2.021916823,2.021916823,ARR-50
Arànser Right ,11.74064042,2.017670977,2.017670977,ARR-51
Arànser Right ,20.96087599,2.017822823,2.017822823,ARR-52
Arànser Right ,21.79402054,2.019950736,2.019950736,ARR-53
Arànser Right ,21.82907676,2.020047901,2.020047901,ARR-54
Arànser Right ,14.8953027,2.012884443,2.012884443,ARR-55
Arànser Right ,18.16224098,2.013232808,2.013232808,ARR-56
Arànser Right ,15.68212738,2.012474277,2.012474277,ARR-57
Arànser Right ,22.14583558,2.020953748,2.020953748,ARR-58
Arànser Right ,14.38828411,2.013314753,2.013314753,ARR-59
Arànser Right ,3.064769109,2.056371454,2.056371454,ARR-60
Arànser Right ,16.45208151,2.012376382,2.012376382,ARR-61
Arànser Right ,23.1460245,2.024143006,2.024143006,ARR-62
Arànser Right ,23.1460245,2.024143006,2.024143006,ARR-63
Arànser Right ,8.847803535,2.026454423,2.026454423,ARR-64
Arànser Right ,10.71883688,2.020295635,2.020295635,ARR-65
Arànser Right ,10.74614599,2.020218681,2.020218681,ARR-66
Arànser Right ,21.82907676,2.020047901,2.020047901,ARR-67
Arànser Right ,21.236856,2.018489125,2.018489125,ARR-68
Arànser Right ,8.769353217,2.026750699,2.026750699,ARR-69
Arànser Right ,21.75899201,2.019854262,2.019854262,ARR-70
Arànser Right ,10.39243214,2.021244289,2.021244289,ARR-71
Arànser Right ,22.78622006,2.02293825,2.02293825,ARR-72
Arànser Right ,16.08083547,2.012386102,2.012386102,ARR-73
Arànser Right ,13.21767151,2.014804679,2.014804679,ARR-74
Arànser Right ,22.21653463,2.021162779,2.021162779,ARR-75
Arànser Right ,16.88916529,2.012454405,2.012454405,ARR-76
Arànser Right ,17.64861853,2.012820043,2.012820043,ARR-77
Arànser Right ,22.3227949,2.021481653,2.021481653,ARR-78
Arànser Right ,22.21653463,2.021162779,2.021162779,ARR-79
Arànser Right ,4.370362043,2.048201564,2.048201564,ARR-80
Arànser Right ,17.96893504,2.013061796,2.013061796,ARR-81
Arànser Right ,23.21833689,2.024392914,2.024392914,ARR-82
Arànser Right ,21.65407203,2.019568975,2.019568975,ARR-83
Arànser Right ,22.67884532,2.022591221,2.022591221,ARR-84
Arànser Right ,22.35827163,2.02158937,2.02158937,ARR-85
Arànser Right ,21.20226446,2.018403514,2.018403514,ARR-86
Arànser Right ,21.89927242,2.020244311,2.020244311,ARR-87
Arànser Right ,19.43968775,2.014837807,2.014837807,ARR-88
Arànser Right ,22.39377675,2.021697803,2.021697803,ARR-89
Arànser Right ,23.50877095,2.025422834,2.025422834,ARR-90
Arànser Right ,22.78622006,2.02293825,2.02293825,ARR-91
Arànser Right ,22.64311141,2.022477006,2.022477006,ARR-92
Arànser Right ,20.44799578,2.016686224,2.016686224,ARR-93
Arànser Right ,13.04471362,2.01508349,2.01508349,ARR-94
Arànser Right ,22.71460804,2.022706165,2.022706165,ARR-95
Arànser Right ,9.533581008,2.023994619,2.023994619,ARR-96
Arànser Right ,14.65598375,2.013071348,2.013071348,ARR-97
Arànser Right ,8.353278482,2.028373023,2.028373023,ARR-98
Arànser Right ,16.82646048,2.012437267,2.012437267,ARR-99
Arànser Right ,22.07524902,2.020747542,2.020747542,ARR-100
Arànser Right ,22.21653463,2.021162779,2.021162779,ARR-101
Arànser Right ,13.01595275,2.015131316,2.015131316,ARR-102
Arànser Right ,9.400874823,2.024452379,2.024452379,ARR-103
Arànser Right ,3.202830352,2.055469093,2.055469093,ARR-104
Arànser Right ,22.07524902,2.020747542,2.020747542,ARR-105
Arànser Right ,20.72079384,2.017274309,2.017274309,ARR-106
Arànser Right ,14.29940867,2.013403577,2.013403577,ARR-107
Arànser Right ,20.82352714,2.017505477,2.017505477,ARR-108
Arànser Right ,21.68901779,2.019663383,2.019663383,ARR-109
Arànser Right ,22.96575752,2.023531346,2.023531346,ARR-110
Arànser Right ,22.21653463,2.021162779,2.021162779,ARR-111
Arànser Right ,22.53608206,2.022138724,2.022138724,ARR-112
Arànser Right ,18.55139824,2.013634404,2.013634404,ARR-113
Arànser Right ,22.25192645,2.021268359,2.021268359,ARR-114
Arànser Right ,21.61915376,2.019475252,2.019475252,ARR-115
Arànser Right ,16.92055095,2.012463731,2.012463731,ARR-116
Arànser Right ,11.26823887,2.018819324,2.018819324,ARR-117
Arànser Right ,20.61829789,2.017048963,2.017048963,ARR-118
Arànser Right ,17.77646773,2.012910309,2.012910309,ARR-119
Arànser Right ,19.37327509,2.014734054,2.014734054,ARR-120
